slug,name,country,kind,province,lat,lon,pop2024,pop,region,netmig_rate,income_class,rotation_deg,erank,erank_norm,erank_l1,k90,erank_unrotated,orient_entropy,orient_order,grid_share,straightness,block_m,intersection_km2,four_way_share,deadend_share,street_km,n_ways,flag
chicago,Chicago,United States,global,,41.878,-87.63,,2664452,North America,,,88.5,24.6,67.7,483.3,169,38.6,2.49,0.748,0.822,0.99,135.0,72.2,0.584,0.065,405.1,6139,
manhattan,Manhattan (New York),United States,global,,40.758,-73.985,,8804190,North America,,,29.5,19.4,46.3,433.0,129,114.6,2.804,0.584,0.876,0.994,81.0,70.3,0.755,0.034,384.3,6209,
philadelphia,Philadelphia,United States,global,,39.952,-75.165,,1573916,North America,,,9.5,14.6,49.5,541.6,189,69.3,2.739,0.621,0.839,0.993,143.0,138.6,0.48,0.032,548.7,6256,
washington-dc,"Washington, D.C.",United States,global,,38.905,-77.036,,689545,North America,,,0.5,41.1,96.2,644.8,307,18.5,3.227,0.298,0.662,0.986,85.0,84.6,0.448,0.044,397.1,7205,
savannah,Savannah,United States,global,,32.076,-81.093,,147780,North America,,,17.5,22.9,38.5,552.6,210,128.6,2.568,0.711,0.792,0.963,104.0,68.4,0.437,0.063,296.7,2219,
salt-lake-city,Salt Lake City,United States,global,,40.763,-111.888,,215548,North America,,,89.5,30.5,67.1,458.6,144,13.2,2.653,0.668,0.884,0.99,119.0,67.3,0.436,0.114,363.1,4534,
portland,Portland,United States,global,,45.52,-122.676,,652503,North America,,,0.5,36.8,98.4,647.2,312,37.8,3.101,0.391,0.607,0.972,79.0,104.1,0.53,0.085,485.6,6646,
phoenix,Phoenix,United States,global,,33.451,-112.073,,1650070,North America,,,0.5,32.7,48.4,397.6,110,20.3,2.531,0.729,0.938,0.993,200.0,59.2,0.456,0.063,353.9,3728,
houston,Houston,United States,global,,29.758,-95.365,,2314157,North America,,,89.5,59.6,161.1,716.8,400,70.3,3.084,0.403,0.323,0.99,78.0,92.7,0.529,0.07,493.5,5693,
boston,Boston,United States,global,,42.357,-71.059,,653833,North America,,,88.5,87.6,255.7,755.3,440,91.7,3.54,0.039,0.156,0.976,250.0,97.2,0.34,0.118,442.5,6911,
san-francisco,San Francisco,United States,global,,37.78,-122.417,,827526,North America,,,80.5,36.1,104.2,596.0,276,87.9,2.594,0.698,0.706,0.993,104.0,104.5,0.608,0.077,492.8,7154,
los-angeles,Los Angeles,United States,global,,34.048,-118.251,,3820914,North America,,,28.5,66.8,172.9,705.9,378,127.8,3.263,0.271,0.549,0.989,200.0,64.6,0.393,0.078,407.7,6761,
toronto,Toronto,Canada,global,,43.653,-79.383,,2794356,North America,,,73.5,28.7,66.9,498.6,185,130.4,2.472,0.756,0.81,0.987,106.0,63.9,0.435,0.081,337.9,4534,
mexico-city,Mexico City,Mexico,global,,19.433,-99.14,,12294193,North America,,,7.5,53.3,131.9,655.3,315,80.8,3.174,0.338,0.75,0.992,102.0,116.6,0.527,0.052,498.0,6713,
la-plata,La Plata,Argentina,global,,-34.921,-57.954,,262379,South America,,,42.5,21.3,35.3,493.9,116,149.1,2.028,0.915,0.861,0.996,139.0,88.7,0.762,0.007,426.8,3352,
buenos-aires,Buenos Aires,Argentina,global,,-34.606,-58.437,,2891082,South America,,,69.5,112.7,277.5,759.5,443,126.0,3.509,0.067,0.268,0.998,122.0,80.6,0.703,0.019,411.4,5426,
brasilia,Brasilia,Brazil,global,,-15.794,-47.882,,2207718,South America,,,17.5,91.0,168.3,679.9,364,132.3,3.471,0.1,0.31,0.936,385.0,81.7,0.085,0.158,299.7,4602,
sao-paulo,Sao Paulo,Brazil,global,,-23.55,-46.634,,12400232,South America,,,43.5,103.8,315.8,781.6,470,99.3,3.551,0.029,0.171,0.983,238.0,110.1,0.305,0.099,466.2,7809,
rio-de-janeiro,Rio de Janeiro,Brazil,global,,-22.906,-43.183,,6747815,South America,,,70.5,63.1,127.6,602.8,332,105.0,3.511,0.065,0.408,0.91,357.0,52.9,0.235,0.166,259.3,3193,
bogota,Bogota,Colombia,global,,4.601,-74.077,,7674366,South America,,,38.5,55.6,144.6,696.8,369,99.3,3.302,0.24,0.568,0.975,312.0,121.1,0.377,0.099,454.3,6401,
lima,Lima,Peru,global,,-12.046,-77.031,,7737002,South America,,,82.5,59.8,183.5,743.6,425,92.3,3.48,0.092,0.355,0.984,76.0,129.6,0.362,0.082,501.2,7745,
santiago,Santiago,Chile,global,,-33.437,-70.65,,4837295,South America,,,76.5,69.5,178.4,696.9,370,89.3,3.192,0.325,0.617,0.985,132.0,104.6,0.427,0.085,456.3,5643,
barcelona,Barcelona (Eixample),Spain,global,,41.393,2.164,,1686208,Europe,,,45.5,34.1,144.4,676.6,340,72.3,3.265,0.269,0.586,0.991,135.0,197.6,0.536,0.089,655.6,11739,
madrid,Madrid,Spain,global,,40.417,-3.703,,3255944,Europe,,,3.5,53.0,157.6,729.4,406,75.2,3.523,0.054,0.382,0.975,139.0,155.1,0.387,0.063,537.6,9818,
seville,Seville,Spain,global,,37.39,-5.994,,686741,Europe,,,5.5,72.3,247.8,733.5,424,78.7,3.552,0.028,0.352,0.969,208.0,181.5,0.235,0.087,501.8,8267,
lisbon,Lisbon,Portugal,global,,38.713,-9.139,,517802,Europe,,,55.5,70.9,198.5,597.5,363,77.5,3.557,0.024,0.227,0.953,312.0,111.5,0.302,0.128,333.5,6646,
paris,Paris,France,global,,48.857,2.347,,2138551,Europe,,,19.5,68.8,233.8,752.8,434,82.1,3.556,0.025,0.372,0.984,122.0,162.6,0.434,0.046,531.9,11371,
london,London,United Kingdom,global,,51.514,-0.106,,8961989,Europe,,,74.5,77.2,292.4,764.7,448,79.1,3.534,0.045,0.272,0.974,294.0,194.4,0.242,0.187,538.4,19345,
amsterdam,Amsterdam,Netherlands,global,,52.37,4.895,,741636,Europe,,,88.5,86.8,294.9,772.5,457,88.3,3.523,0.055,0.175,0.975,192.0,166.6,0.399,0.094,517.0,12228,
berlin,Berlin,Germany,global,,52.52,13.405,,3426354,Europe,,,29.5,140.7,295.4,764.9,450,160.6,3.538,0.041,0.319,0.991,nan,63.2,0.38,0.106,320.7,12322,
mannheim,Mannheim,Germany,global,,49.489,8.467,,307960,Europe,,,30.5,81.3,199.0,738.2,418,138.1,3.514,0.062,0.323,0.973,70.0,96.1,0.342,0.062,361.0,7171,
vienna,Vienna,Austria,global,,48.209,16.372,,1691468,Europe,,,51.5,106.0,311.8,771.3,458,109.0,3.554,0.027,0.241,0.99,nan,125.4,0.367,0.069,445.6,9962,
prague,Prague,Czechia,global,,50.087,14.42,,1165581,Europe,,,88.5,96.0,235.3,740.1,418,99.2,3.426,0.138,0.405,0.972,333.0,96.7,0.335,0.095,406.9,9145,
rome,Rome,Italy,global,,41.897,12.482,,2318895,Europe,,,47.5,88.7,285.8,766.5,451,86.9,3.551,0.029,0.241,0.96,nan,162.5,0.368,0.1,517.3,10255,
turin,Turin,Italy,global,,45.071,7.686,,847287,Europe,,,26.5,38.5,139.5,696.1,368,80.9,3.291,0.249,0.524,0.975,312.0,163.9,0.462,0.046,538.1,9482,
venice,Venice,Italy,global,,45.438,12.335,,147662,Europe,,,38.5,41.6,70.7,511.2,263,52.6,3.546,0.034,0.232,0.938,227.0,207.2,0.323,0.274,273.2,6310,
athens,Athens,Greece,global,,37.984,23.728,,664046,Europe,,,11.5,54.0,239.5,758.7,441,62.4,3.516,0.061,0.338,0.99,69.0,249.9,0.388,0.068,663.1,11908,
moscow,Moscow,Russia,global,,55.755,37.617,,10381222,Europe,,,39.5,174.3,332.4,781.6,471,153.1,3.573,0.01,0.189,0.986,357.0,56.9,0.195,0.038,315.6,6190,
st-petersburg,Saint Petersburg,Russia,global,,59.935,30.325,,5351935,Europe,,,1.5,98.5,187.6,747.3,432,131.2,3.522,0.055,0.256,0.991,nan,61.0,0.461,0.035,317.5,5139,
istanbul,Istanbul,Turkey,global,,41.013,28.955,,15701602,Asia,,,1.5,66.1,236.1,716.8,421,65.9,3.569,0.013,0.229,0.953,167.0,204.0,0.212,0.109,491.6,7073,
tehran,Tehran,Iran,global,,35.7,51.42,,7153309,Asia,,,87.5,67.3,231.5,735.8,414,67.3,3.295,0.245,0.367,0.986,135.0,208.7,0.145,0.33,549.1,11633,
tel-aviv,Tel Aviv,Israel,global,,32.08,34.78,,432892,Asia,,,13.5,66.7,184.3,606.6,353,77.4,3.422,0.141,0.421,0.978,71.0,115.0,0.331,0.083,402.4,5763,
dubai,Dubai (Deira),United Arab Emirates,global,,25.265,55.31,,3790000,Asia,,,28.5,84.8,215.6,746.1,429,114.8,3.528,0.05,0.298,0.936,278.0,129.6,0.106,0.04,418.8,5693,
cairo,Cairo,Egypt,global,,30.045,31.24,,9606916,Africa,,,14.5,48.3,239.9,746.3,423,51.3,3.497,0.077,0.37,0.954,357.0,316.4,0.139,0.253,644.8,11210,
tunis,Tunis (Medina),Tunisia,global,,36.798,10.171,,693210,Africa,,,82.5,58.1,158.3,733.1,412,77.7,3.503,0.072,0.318,0.944,238.0,175.0,0.175,0.144,465.9,5508,
fes,Fes (Medina),Morocco,global,,34.061,-4.978,,1191905,Africa,,,33.5,149.7,256.6,745.0,429,131.5,3.562,0.019,0.202,0.885,250.0,77.0,0.138,0.081,236.5,2613,
marrakesh,Marrakesh,Morocco,global,,31.629,-7.987,,995871,Africa,,,60.5,109.5,230.7,728.5,409,149.7,3.49,0.083,0.355,0.941,312.0,111.5,0.135,0.15,325.2,4643,
casablanca,Casablanca,Morocco,global,,33.595,-7.619,,3665954,Africa,,,53.5,92.0,263.6,724.1,418,79.2,3.547,0.033,0.219,0.988,385.0,141.8,0.257,0.04,404.4,5918,
lagos,Lagos,Nigeria,global,,6.455,3.39,,15388000,Africa,,,89.5,159.9,245.0,722.3,420,159.6,3.535,0.044,0.224,0.946,278.0,38.1,0.178,0.114,197.2,1673,norm_short
nairobi,Nairobi,Kenya,global,,-1.284,36.823,,4397073,Africa,,,63.5,88.3,216.3,742.9,425,147.5,3.545,0.035,0.335,0.946,nan,81.4,0.135,0.12,335.6,3862,
johannesburg,Johannesburg,South Africa,global,,-26.204,28.042,,9418183,Africa,,,82.5,44.6,104.5,664.8,329,84.1,3.269,0.266,0.638,0.974,82.0,78.4,0.459,0.053,367.7,3721,
delhi,Delhi,India,global,,28.644,77.216,,11034555,Asia,,,32.5,66.1,189.9,738.2,418,90.2,3.368,0.186,0.389,0.935,167.0,148.3,0.197,0.134,463.4,5327,
mumbai,Mumbai,India,global,,18.94,72.835,,12691836,Asia,,,13.5,68.9,118.5,523.0,297,76.4,3.507,0.068,0.306,0.95,333.0,74.6,0.238,0.124,239.3,3187,
chandigarh,Chandigarh,India,global,,30.741,76.782,,970602,Asia,,,54.5,33.2,63.5,503.4,166,130.1,2.485,0.75,0.906,0.969,217.0,125.0,0.124,0.119,444.2,4772,
islamabad,Islamabad,Pakistan,global,,33.71,73.055,,3357612,Asia,,,57.5,30.9,56.7,508.3,175,140.1,2.402,0.786,0.874,0.97,96.0,101.9,0.211,0.139,406.9,3103,
beijing,Beijing,China,global,,39.906,116.391,,18960744,Asia,,,88.5,45.1,74.7,497.7,180,58.5,2.403,0.786,0.9,0.965,167.0,81.8,0.614,0.069,302.9,3152,
shanghai,Shanghai,China,global,,31.23,121.47,,24874500,Asia,,,67.5,74.3,188.9,702.7,374,100.4,3.38,0.177,0.512,0.98,385.0,76.5,0.459,0.053,428.3,4162,
xian,Xi'an,China,global,,34.261,108.942,,9600000,Asia,,,89.5,23.5,48.6,411.7,116,19.3,2.669,0.659,0.939,0.968,278.0,59.0,0.402,0.082,368.1,2141,
kyoto,Kyoto,Japan,global,,35.011,135.768,,1463723,Asia,,,89.5,36.8,85.6,582.0,247,39.5,2.85,0.556,0.813,0.978,68.0,105.6,0.426,0.086,429.5,5371,
tokyo,Tokyo,Japan,global,,35.68,139.767,,9733276,Asia,,,86.5,59.3,299.7,774.9,461,58.9,3.522,0.055,0.167,0.978,263.0,208.0,0.435,0.04,665.8,9136,
osaka,Osaka,Japan,global,,34.686,135.51,,2753862,Asia,,,2.5,37.8,138.0,673.3,336,37.0,3.17,0.341,0.688,0.979,135.0,210.5,0.446,0.046,690.3,10557,
seoul,Seoul,South Korea,global,,37.57,126.98,,10349312,Asia,,,88.5,71.8,199.5,732.0,410,73.4,3.553,0.028,0.391,0.926,152.0,136.1,0.237,0.124,443.7,7037,
bangkok,Bangkok,Thailand,global,,13.75,100.516,,5104476,Asia,,,9.5,81.4,190.7,732.1,412,114.2,3.471,0.1,0.394,0.966,208.0,110.6,0.181,0.233,411.5,6831,
hanoi,Hanoi,Vietnam,global,,21.028,105.852,,8053663,Asia,,,0.5,138.7,247.3,764.4,450,143.3,3.554,0.027,0.232,0.968,294.0,72.6,0.29,0.176,302.1,4592,
singapore,Singapore,Singapore,global,,1.3,103.85,,5638700,Asia,,,39.5,94.7,232.9,740.8,420,126.8,3.55,0.03,0.391,0.971,200.0,96.3,0.35,0.1,379.5,13034,
jakarta,Jakarta,Indonesia,global,,-6.175,106.827,,8540121,Asia,,,87.5,63.8,228.2,728.5,402,67.2,3.365,0.189,0.486,0.969,172.0,186.6,0.12,0.099,526.9,13800,
manila,Manila (core),Philippines,global,,14.6,120.98,,3084270,Asia,,,46.5,66.7,191.5,741.4,427,87.5,3.442,0.124,0.283,0.988,81.0,126.2,0.376,0.088,458.7,6658,
sydney,Sydney,Australia,global,,-33.87,151.207,,5638830,Oceania,,,9.5,71.9,189.1,683.6,372,92.0,3.516,0.06,0.382,0.97,122.0,94.0,0.27,0.16,361.4,7198,
melbourne,Melbourne,Australia,global,,-37.814,144.963,,5435590,Oceania,,,7.5,38.5,144.1,685.1,361,73.9,3.188,0.327,0.474,0.987,nan,185.9,0.367,0.08,548.0,12475,
adelaide,Adelaide,Australia,global,,-34.926,138.6,,1469163,Oceania,,,86.5,27.4,72.9,621.9,283,99.4,2.877,0.539,0.638,0.978,78.0,85.4,0.244,0.117,325.0,5824,
canberra,Canberra,Australia,global,,-35.281,149.128,,367752,Oceania,,,7.5,73.3,108.3,719.7,398,170.4,3.459,0.11,0.317,0.951,128.0,56.3,0.289,0.059,235.7,4102,
w-cn-shenzhen,Shenzhen,China,world,,22.54554,114.0683,,17494398,Asia,,,89.5,33.3,89.8,593.4,253,43.4,3.162,0.347,0.702,0.96,238.0,70.3,0.254,0.071,368.2,3490,
w-cn-guangzhou,Guangzhou,China,world,,23.11667,113.25,,16096724,Asia,,,89.5,107.9,212.9,720.4,399,107.6,3.51,0.066,0.368,0.967,333.0,54.7,0.305,0.084,328.1,4425,
w-cd-kinshasa,Kinshasa,Democratic Republic of the Congo,world,,-4.32758,15.31357,,16000000,Africa,,,17.5,61.8,132.1,747.0,429,106.5,3.167,0.343,0.32,0.983,62.0,90.5,0.442,0.093,396.3,2633,
w-vn-ho-chi-minh-city,Ho Chi Minh City,Vietnam,world,,10.82302,106.62965,,14002598,Asia,,,11.5,130.4,269.2,747.7,433,135.7,3.502,0.073,0.304,0.966,200.0,83.9,0.162,0.292,326.5,5346,
w-cn-chengdu,Chengdu,China,world,,30.66667,104.06667,,13568357,Asia,,,28.5,68.0,147.1,699.1,373,123.3,3.352,0.199,0.546,0.972,312.0,52.5,0.327,0.066,326.8,2443,
w-pk-lahore,Lahore,Pakistan,world,,31.558,74.35071,,13004135,Asia,,,1.5,103.6,270.2,763.6,448,106.0,3.439,0.128,0.315,0.937,263.0,132.8,0.147,0.216,413.4,7404,
w-pk-karachi,Karachi,Pakistan,world,,24.8608,67.0104,,11624219,Asia,,,63.5,39.7,190.3,720.2,392,49.3,3.458,0.111,0.421,0.972,nan,286.6,0.208,0.108,629.6,6541,
w-cn-tianjin,Tianjin,China,world,,39.14222,117.17667,,11090314,Asia,,,0.5,89.2,205.2,732.7,414,91.6,3.497,0.077,0.369,0.943,263.0,84.5,0.455,0.058,413.4,3253,
w-cn-wuhan,Wuhan,China,world,,30.58333,114.26667,,10392693,Asia,,,27.5,148.7,318.6,774.3,463,133.4,3.554,0.027,0.179,0.96,312.0,58.7,0.242,0.093,317.4,1904,
w-bd-dhaka,Dhaka,Bangladesh,world,,23.7104,90.40744,,10356500,Asia,,,89.5,85.6,246.0,742.8,421,85.1,3.449,0.118,0.448,0.91,294.0,153.4,0.116,0.193,461.4,5852,
w-cn-dongguan,Dongguan,China,world,,23.01797,113.74866,,9644871,Asia,,,35.5,103.1,158.8,710.7,391,200.1,3.487,0.086,0.424,0.955,357.0,44.4,0.265,0.062,263.3,2329,
w-cn-nanjing,Nanjing,China,world,,32.06167,118.77778,,9314685,Asia,,,89.5,115.2,170.3,707.4,384,99.3,3.373,0.182,0.443,0.972,nan,28.6,0.285,0.073,217.8,1535,
w-cn-hangzhou,Hangzhou,China,world,,30.29365,120.16142,,9236032,Asia,,,86.5,104.1,202.4,715.5,392,114.8,3.225,0.299,0.464,0.964,385.0,46.0,0.328,0.118,331.6,3275,
w-cn-foshan,Foshan,China,world,,23.02677,113.13148,,9042509,Asia,,,89.5,53.4,95.5,633.5,300,59.3,2.989,0.468,0.68,0.96,385.0,63.2,0.214,0.076,313.2,2867,
w-in-bengaluru,Bengaluru,India,world,,12.97194,77.59369,,8495492,Asia,,,89.5,73.5,280.4,756.6,437,72.1,3.369,0.186,0.312,0.964,nan,199.3,0.195,0.133,511.5,9480,
w-tw-taipei,Taipei,Taiwan,world,,25.05306,121.52639,,7871900,Asia,,,1.5,37.5,97.2,633.1,297,49.2,3.302,0.24,0.638,0.991,238.0,104.2,0.444,0.084,495.6,6274,
w-cn-chongqing,Chongqing,China,world,,29.56026,106.55771,,7457599,Asia,,,89.5,104.7,223.4,718.0,399,102.2,3.543,0.037,0.321,0.88,238.0,42.3,0.278,0.093,317.8,2324,
w-hk-hong-kong,Hong Kong,Hong Kong,world,,22.27832,114.17469,,7396076,Asia,,,85.5,90.8,189.0,693.4,381,94.4,3.552,0.029,0.278,0.913,333.0,62.6,0.201,0.147,271.8,7632,
w-iq-baghdad,Baghdad,Iraq,world,,33.34058,44.40088,,7216000,Asia,,,43.5,66.0,166.5,666.3,346,136.5,3.125,0.374,0.565,0.958,76.0,104.0,0.173,0.068,417.1,3800,
w-cn-wuzhong,Wuzhong,China,world,,37.9867,106.201,,7202654,Asia,,,89.5,73.2,120.9,580.2,267,45.7,3.186,0.329,0.812,0.982,208.0,12.2,0.603,0.032,149.8,375,norm_short
w-cn-qingdao,Qingdao,China,world,,36.06488,120.38042,,7172451,Asia,,,89.5,109.1,184.6,685.6,392,104.9,3.506,0.069,0.294,0.943,238.0,49.6,0.288,0.106,260.8,1902,
w-cn-shenyang,Shenyang,China,world,,41.79222,123.43278,,7050000,Asia,,,1.5,83.7,158.1,705.1,381,87.8,3.418,0.145,0.474,0.963,333.0,47.4,0.405,0.048,321.9,1336,
w-in-hyderabad,Hyderabad,India,world,,17.38405,78.45636,,6993262,Asia,,,10.5,60.5,243.9,740.9,415,60.9,3.313,0.231,0.503,0.918,357.0,252.1,0.133,0.22,591.9,10504,
w-cn-suzhou,Suzhou,China,world,,31.30408,120.59538,,6715559,Asia,,,82.5,71.0,109.2,636.9,302,143.0,3.005,0.457,0.737,0.948,185.0,41.6,0.295,0.074,296.4,2902,
w-in-ahmedabad,Ahmedabad,India,world,,23.02579,72.58727,,6357693,Asia,,,0.5,89.8,219.2,726.1,404,89.8,3.466,0.104,0.454,0.915,333.0,120.5,0.149,0.176,408.1,5374,
w-ci-abidjan,Abidjan,Ivory Coast,world,,5.35444,-4.00167,,6321017,Africa,,,0.5,99.5,181.6,716.5,391,95.2,3.432,0.133,0.524,0.928,312.0,66.3,0.226,0.169,323.2,3683,
w-tz-dar-es-salaam,Dar es Salaam,Tanzania,world,,-6.82349,39.26951,,5383728,Africa,,,62.5,107.3,144.9,722.9,408,161.0,3.549,0.031,0.359,0.947,357.0,72.8,0.23,0.13,292.2,2671,
w-eg-alexandria,Alexandria,Egypt,world,,31.20176,29.91582,,5263542,Africa,,,64.5,42.0,152.0,610.0,334,67.6,3.36,0.193,0.5,0.973,333.0,253.6,0.234,0.083,517.2,4921,
w-cn-harbin,Harbin,China,world,,45.75,126.65,,5242897,Asia,,,26.5,96.7,243.1,755.3,439,122.7,3.453,0.115,0.191,0.967,250.0,71.0,0.423,0.032,413.2,2062,
w-cn-hefei,Hefei,China,world,,31.86389,117.28083,,5050000,Asia,,,88.5,77.6,141.5,700.1,375,87.5,3.35,0.201,0.502,0.965,217.0,50.3,0.354,0.101,334.3,1913,
w-cn-dalian,Dalian,China,world,,38.91222,121.60222,,4913879,Asia,,,89.5,89.2,183.8,743.3,424,87.3,3.489,0.084,0.349,0.955,294.0,68.3,0.408,0.071,350.5,2561,
w-ng-kano,Kano,Nigeria,world,,12.00012,8.51672,,4910000,Africa,,,0.5,95.9,272.9,761.0,445,95.0,3.524,0.053,0.281,0.958,238.0,138.5,0.138,0.072,453.5,5007,
w-za-cape-town,Cape Town,South Africa,world,,-33.92584,18.42322,,4772846,Africa,,,41.5,62.9,117.5,696.3,377,121.7,3.467,0.103,0.406,0.965,83.0,84.1,0.391,0.103,309.3,3650,
w-pk-peshawar,Peshawar,Pakistan,world,,34.008,71.57849,,4758762,Asia,,,86.5,73.6,214.9,760.9,444,78.1,3.552,0.029,0.331,0.932,333.0,177.0,0.148,0.187,520.0,5344,
w-cn-changchun,Changchun,China,world,,43.88,125.32278,,4714996,Asia,,,89.5,45.1,80.2,661.5,341,63.7,3.1,0.391,0.481,0.979,93.0,62.5,0.47,0.012,348.7,1281,
w-sa-jeddah,Jeddah,Saudi Arabia,world,,21.49012,39.18624,,4697000,Asia,,,86.5,82.5,195.7,705.5,378,99.3,3.355,0.197,0.462,0.881,385.0,55.0,0.214,0.041,307.9,1668,
w-in-chennai,Chennai,India,world,,13.08784,80.27847,,4681087,Asia,,,8.5,66.5,162.1,616.3,332,78.8,3.12,0.378,0.602,0.947,294.0,118.6,0.183,0.142,354.8,4779,
w-in-kolkata,Kolkata,India,world,,22.56263,88.36304,,4631392,Asia,,,14.5,90.1,173.6,686.4,356,111.5,3.198,0.32,0.659,0.937,nan,99.1,0.173,0.181,357.3,5400,
w-cn-xiamen,Xiamen,China,world,,24.47979,118.08187,,4617251,Asia,,,73.5,58.9,88.4,658.2,351,125.7,3.444,0.123,0.424,0.928,333.0,38.6,0.238,0.098,226.8,1327,
w-in-surat,Surat,India,world,,21.19594,72.83023,,4591246,Asia,,,81.5,62.6,229.6,736.2,412,65.9,3.349,0.202,0.44,0.938,357.0,199.6,0.145,0.185,544.7,8932,
w-mm-yangon,Yangon,Myanmar,world,,16.80528,96.15611,,4477638,Asia,,,1.5,110.5,241.5,750.5,433,115.2,3.422,0.142,0.338,0.951,312.0,107.3,0.161,0.25,361.0,6054,
w-cn-bao-an,Bao'an,China,world,,22.55213,113.88288,,4476554,Asia,,,47.5,47.2,77.2,638.7,314,117.5,3.155,0.352,0.563,0.975,238.0,63.5,0.267,0.049,334.0,2488,
w-af-kabul,Kabul,Afghanistan,world,,34.52813,69.17233,,4434550,Asia,,,34.5,126.9,222.8,750.7,435,150.9,3.418,0.145,0.364,0.944,nan,71.5,0.163,0.222,322.3,3606,
w-cn-wuxi,Wuxi,China,world,,31.56887,120.28857,,4396835,Asia,,,48.5,132.2,255.9,754.7,440,153.9,3.505,0.07,0.293,0.955,192.0,45.3,0.302,0.103,300.9,1863,
w-cn-jinan,Jinan,China,world,,36.66833,116.99722,,4335989,Asia,,,0.5,55.8,143.8,673.8,347,58.6,3.155,0.352,0.56,0.943,143.0,78.4,0.364,0.156,397.7,3285,
w-cn-taiyuan,Taiyuan,China,world,,37.86944,112.56028,,4303673,Asia,,,88.5,43.8,84.3,525.9,203,51.6,2.84,0.562,0.861,0.972,294.0,56.4,0.321,0.057,340.9,2067,
w-cn-zhengzhou,Zhengzhou,China,world,,34.75778,113.64861,,4253913,Asia,,,0.5,59.6,98.7,660.5,329,39.0,3.076,0.409,0.531,0.975,385.0,28.1,0.35,0.077,275.6,1029,
w-ml-bamako,Bamako,Mali,world,,12.60915,-7.97522,,4227569,Africa,,,89.5,51.9,135.4,677.6,365,51.8,3.353,0.199,0.512,0.979,62.0,147.4,0.236,0.072,461.5,5023,
w-sa-riyadh,Riyadh,Saudi Arabia,world,,24.68773,46.72185,,4205961,Asia,,,65.5,69.6,176.9,727.8,407,74.7,3.23,0.296,0.327,0.978,357.0,141.0,0.232,0.027,486.7,3777,
w-hk-new-territories,New Territories,Hong Kong,world,,22.42441,114.11095,,3984077,Asia,,,79.5,175.5,175.5,537.3,301,204.8,3.569,0.013,0.249,0.876,357.0,6.4,0.031,0.391,43.3,415,norm_short
w-cn-shijiazhuang,Shijiazhuang,China,world,,38.04139,114.47861,,3938513,Asia,,,89.5,43.5,64.2,522.2,202,41.2,2.681,0.653,0.805,0.959,294.0,30.7,0.43,0.079,256.2,886,
w-bd-chattogram,Chattogram,Bangladesh,world,,22.3384,91.83168,,3920222,Asia,,,0.5,98.0,219.2,723.8,401,98.6,3.415,0.147,0.433,0.903,nan,93.2,0.098,0.206,363.7,3813,
w-et-addis-ababa,Addis Ababa,Ethiopia,world,,9.02497,38.74689,,3860000,Africa,,,83.5,87.7,267.4,757.7,441,96.4,3.554,0.026,0.335,0.954,nan,133.6,0.241,0.149,438.6,6940,
w-cn-kunming,Kunming,China,world,,25.03889,102.71833,,3855346,Asia,,,89.5,80.1,190.9,716.8,394,80.0,3.49,0.083,0.466,0.954,167.0,57.6,0.259,0.142,372.8,3157,
w-cn-zhongshan,Zhongshan,China,world,,22.52306,113.37912,,3841873,Asia,,,0.5,79.6,191.1,733.0,410,82.0,3.473,0.098,0.434,0.908,119.0,104.6,0.248,0.08,420.5,3414,
w-cn-nanning,Nanning,China,world,,22.81667,108.31667,,3839800,Asia,,,89.5,117.7,199.5,747.2,435,112.9,3.482,0.091,0.277,0.959,333.0,30.4,0.332,0.056,247.5,1220,
w-cn-shantou,Shantou,China,world,,23.35489,116.67876,,3838900,Asia,,,89.5,67.9,94.3,594.0,307,62.4,3.424,0.14,0.513,0.954,nan,29.6,0.311,0.08,174.9,1069,norm_short
w-pk-faisalabad,Faisalabad,Pakistan,world,,31.41554,73.08969,,3800193,Asia,,,41.5,32.4,82.1,611.1,259,100.4,2.455,0.764,0.82,0.94,312.0,194.9,0.283,0.089,583.5,6268,
w-ae-dubai,Dubai,United Arab Emirates,world,,25.07725,55.30927,,3790000,Asia,,,57.5,106.0,160.2,659.6,354,181.9,3.365,0.189,0.415,0.82,357.0,45.3,0.045,0.093,203.7,1459,
w-jp-yokohama,Yokohama,Japan,world,,35.43333,139.65,,3777491,Asia,,,56.5,78.0,228.1,712.1,397,93.9,3.55,0.03,0.262,0.926,333.0,116.1,0.394,0.157,428.5,4233,
w-cn-fuzhou,Fuzhou,China,world,,26.06139,119.30611,,3740000,Asia,,,87.5,75.3,143.7,694.8,369,107.5,3.38,0.177,0.518,0.969,357.0,44.7,0.3,0.071,292.2,2249,
w-cn-ningbo,Ningbo,China,world,,29.87819,121.54945,,3731203,Asia,,,15.5,112.7,195.8,742.8,424,130.2,3.463,0.106,0.371,0.962,227.0,58.8,0.412,0.078,337.0,2312,
w-ng-ibadan,Ibadan,Nigeria,world,,7.37756,3.90591,,3649000,Africa,,,56.5,193.7,283.5,779.6,467,191.6,3.562,0.019,0.22,0.944,357.0,52.0,0.119,0.207,267.2,3219,
w-cn-puyang,Puyang,China,world,,29.45679,119.88872,,3590000,Asia,,,0.5,111.1,121.3,691.5,368,122.8,3.412,0.15,0.536,0.962,357.0,18.1,0.38,0.119,179.2,524,norm_short
w-tr-ankara,Ankara,Turkey,world,,39.91987,32.85427,,3517182,Asia,,,0.5,109.4,262.6,752.7,439,108.7,3.562,0.019,0.236,0.954,294.0,95.1,0.249,0.061,393.9,4197,
w-cn-shiyan,Shiyan,China,world,,32.6475,110.77806,,3460000,Asia,,,85.5,218.0,279.0,750.3,435,210.4,3.568,0.014,0.251,0.903,312.0,13.0,0.197,0.297,151.9,707,norm_short
w-cn-tangshan,Tangshan,China,world,,39.64381,118.18319,,3372102,Asia,,,89.5,45.9,80.7,626.8,287,27.9,2.998,0.462,0.679,0.945,161.0,34.7,0.293,0.058,264.3,1904,
w-cn-lueliang,Lueliang,China,world,,37.5192,111.14436,,3346500,Asia,,,89.5,94.9,102.2,709.3,393,104.9,3.481,0.091,0.387,0.919,250.0,14.1,0.355,0.079,154.0,372,norm_short
w-za-durban,Durban,South Africa,world,,-29.8579,31.0292,,3338026,Africa,,,79.5,51.5,89.8,611.0,320,116.0,3.495,0.079,0.406,0.982,65.0,59.2,0.282,0.046,212.5,2700,
w-cn-changzhou,Changzhou,China,world,,31.77359,119.95401,,3290918,Asia,,,5.5,92.0,189.4,710.9,392,117.7,3.449,0.119,0.415,0.974,263.0,57.4,0.597,0.048,318.7,2492,
w-kr-busan,Busan,South Korea,world,,35.10168,129.03004,,3285147,Asia,,,23.5,90.7,172.9,708.3,387,107.3,3.539,0.041,0.315,0.922,278.0,85.0,0.329,0.088,317.2,2408,
w-kp-pyongyang,Pyongyang,North Korea,world,,39.03385,125.75432,,3222000,Asia,,,12.5,104.1,124.0,695.4,378,187.6,3.471,0.099,0.391,0.881,250.0,42.6,0.126,0.325,232.5,2123,
w-cn-zibo,Zibo,China,world,,36.79056,118.06333,,3129228,Asia,,,7.5,86.1,113.4,588.1,280,159.5,2.833,0.567,0.719,0.961,227.0,16.1,0.478,0.099,183.2,983,norm_short
w-in-pune,Pune,India,world,,18.51957,73.85535,,3124458,Asia,,,89.5,83.6,191.8,727.3,403,84.3,3.405,0.156,0.502,0.953,357.0,138.8,0.2,0.207,416.7,5681,
w-tr-bursa,Bursa,Turkey,world,,40.19559,29.06013,,3101833,Asia,,,2.5,44.6,230.8,742.6,419,45.0,3.4,0.16,0.415,0.957,nan,307.4,0.195,0.088,694.5,7922,
w-cn-changsha,Changsha,China,world,,28.19874,112.97087,,3093980,Asia,,,89.5,83.8,148.5,658.2,337,80.0,3.186,0.329,0.587,0.958,250.0,57.5,0.266,0.092,297.7,1912,
w-in-jaipur,Jaipur,India,world,,26.91962,75.78781,,3046163,Asia,,,12.5,89.0,234.1,746.0,427,96.2,3.426,0.138,0.328,0.897,294.0,155.5,0.123,0.176,457.9,6405,
w-cn-guiyang,Guiyang,China,world,,26.58333,106.71667,,3037159,Asia,,,89.5,118.9,182.8,731.2,410,119.0,3.548,0.032,0.365,0.916,250.0,29.6,0.309,0.124,256.8,1400,
w-cn-ueruemqi,UEruemqi,China,world,,43.80096,87.60046,,3029372,Asia,,,76.5,112.8,228.1,719.2,400,112.9,3.454,0.115,0.306,0.956,263.0,44.3,0.29,0.146,334.2,1753,
w-id-surabaya,Surabaya,Indonesia,world,,-7.24917,112.75083,,3018022,Asia,,,11.5,60.6,224.8,721.9,390,66.7,3.121,0.377,0.569,0.977,227.0,187.3,0.121,0.185,577.4,10377,
w-kr-incheon,Incheon,South Korea,world,,37.45646,126.70515,,3015482,Asia,,,3.5,101.5,149.1,663.5,339,132.1,3.283,0.255,0.614,0.967,357.0,51.1,0.3,0.11,224.0,2056,
w-cn-lanzhou,Lanzhou,China,world,,36.05701,103.83987,,3000000,Asia,,,16.5,85.2,156.1,703.3,381,130.1,3.351,0.2,0.446,0.934,250.0,46.5,0.258,0.207,296.0,2202,
w-ve-caracas,Caracas,Venezuela,world,,10.48801,-66.87919,,3000000,South America,,,10.5,110.8,265.6,758.2,442,118.9,3.54,0.04,0.322,0.898,217.0,69.0,0.242,0.134,383.6,4987,
w-ua-kyiv,Kyiv,Ukraine,world,,50.45466,30.5238,,2952301,Europe,,,14.5,129.4,155.1,751.9,439,206.1,3.51,0.066,0.231,0.964,nan,23.6,0.333,0.114,181.6,2576,norm_short
w-tr-izmir,Izmir,Turkey,world,,38.41273,27.13838,,2938292,Asia,,,10.5,57.9,261.3,750.5,435,61.7,3.567,0.015,0.249,0.946,357.0,228.0,0.203,0.07,576.5,7316,
w-cn-huizhou,Huizhou,China,world,,23.11147,114.41523,,2900113,Asia,,,89.5,133.2,224.9,751.3,437,123.9,3.532,0.046,0.3,0.954,312.0,37.8,0.272,0.023,247.9,2140,
w-cn-haikou,Haikou,China,world,,20.03421,110.34651,,2873358,Asia,,,0.5,105.8,177.1,735.1,415,108.3,3.47,0.101,0.323,0.933,294.0,51.8,0.335,0.099,297.0,1892,
w-tw-taichung,Taichung,Taiwan,world,,24.1469,120.6839,,2850285,Asia,,,0.5,63.8,137.3,721.1,399,56.2,3.353,0.199,0.475,0.989,208.0,94.6,0.563,0.049,452.4,4371,
w-in-kanpur,Kanpur,India,world,,26.46523,80.34975,,2823249,Asia,,,37.5,80.6,218.0,678.6,383,107.9,3.426,0.139,0.454,0.906,278.0,140.9,0.128,0.199,384.4,4519,
w-ec-quito,Quito,Ecuador,world,,-0.22985,-78.52495,,2781641,South America,,,40.5,87.1,234.3,729.6,415,113.5,3.515,0.062,0.334,0.928,385.0,101.9,0.298,0.184,417.6,5038,
w-au-brisbane,Brisbane,Australia,world,,-27.46794,153.02809,,2780063,Oceania,,,9.5,82.9,196.5,735.6,418,115.1,3.431,0.134,0.327,0.979,91.0,92.9,0.208,0.123,374.1,7358,
w-ao-luanda,Luanda,Angola,world,,-8.83682,13.23432,,2776168,Africa,,,24.5,101.6,248.0,742.3,424,131.5,3.512,0.064,0.379,0.95,nan,100.2,0.178,0.128,388.7,4587,
w-cn-linyi,Linyi,China,world,,35.06306,118.34278,,2743843,Asia,,,89.5,70.8,110.9,598.9,290,78.6,3.092,0.398,0.673,0.952,333.0,24.0,0.259,0.147,220.4,1875,
w-cn-baoding,Baoding,China,world,,38.87288,115.46246,,2739887,Asia,,,89.5,51.3,61.1,497.4,238,75.0,2.991,0.467,0.686,0.978,385.0,13.7,0.417,0.104,158.0,589,norm_short
w-tw-kaohsiung,Kaohsiung,Taiwan,world,,22.61626,120.31333,,2737660,Asia,,,70.5,33.9,111.0,672.0,351,69.5,3.471,0.1,0.433,0.977,192.0,152.3,0.418,0.063,532.8,5075,
w-ec-guayaquil,Guayaquil,Ecuador,world,,-2.19616,-79.88621,,2723665,South America,,,15.5,38.9,80.5,471.8,229,76.9,3.063,0.417,0.784,0.985,76.0,97.7,0.644,0.058,355.8,3771,
w-br-belo-horizonte,Belo Horizonte,Brazil,world,,-19.92083,-43.93778,,2721564,South America,,,14.5,37.8,139.2,719.7,392,89.9,3.474,0.097,0.478,0.977,139.0,135.1,0.389,0.035,512.6,6866,
w-cn-minhang,Minhang,China,world,,31.10881,121.37471,,2716600,Asia,,,65.5,71.3,125.2,602.5,287,180.1,2.972,0.479,0.702,0.94,357.0,28.4,0.321,0.156,251.5,2018,
w-cn-bazhong,Bazhong,China,world,,31.8694,106.74432,,2712894,Asia,,,9.5,232.7,314.0,771.0,459,223.9,3.565,0.017,0.179,0.81,357.0,20.8,0.254,0.2,211.7,732,
w-br-salvador,Salvador,Brazil,world,,-12.97563,-38.49096,,2711840,South America,,,17.5,119.8,300.0,768.6,454,129.9,3.573,0.01,0.268,0.916,238.0,87.9,0.131,0.223,391.1,6039,
w-ng-abuja,Abuja,Nigeria,world,,9.05785,7.49508,,2690000,Africa,,,57.5,38.7,76.8,653.6,341,197.6,3.49,0.083,0.466,0.892,263.0,46.6,0.259,0.179,283.8,2410,
w-bd-gazipur,Gazipur,Bangladesh,world,,23.99844,90.42234,,2674697,Asia,,,78.5,122.6,135.5,693.4,370,205.7,3.373,0.183,0.498,0.912,385.0,15.7,0.087,0.289,131.4,622,norm_short
w-cn-wenzhou,Wenzhou,China,world,,27.99942,120.66682,,2650000,Asia,,,89.5,117.9,164.1,730.6,410,114.5,3.364,0.19,0.42,0.957,227.0,46.8,0.358,0.097,293.2,1949,
w-id-bekasi,Bekasi,Indonesia,world,,-6.2349,106.9896,,2648272,Asia,,,19.5,59.0,224.5,742.7,418,63.5,3.308,0.235,0.417,0.933,357.0,218.7,0.141,0.202,598.9,13007,
w-sn-dakar,Dakar,Senegal,world,,14.6937,-17.44406,,2646503,Africa,,,3.5,72.1,146.6,718.5,407,82.9,3.431,0.134,0.323,0.976,278.0,117.6,0.237,0.073,366.3,3599,
w-vn-haiphong,Haiphong,Vietnam,world,,20.86481,106.68345,,2625200,Asia,,,0.5,79.5,138.5,667.2,360,93.6,3.513,0.063,0.39,0.953,nan,29.5,0.315,0.151,186.0,1397,norm_short
w-cn-yunfu,Yunfu,China,world,,22.92787,112.03809,,2612800,Asia,,,5.5,166.7,207.1,739.9,423,168.7,3.564,0.018,0.235,0.915,200.0,31.2,0.324,0.078,184.5,583,norm_short
w-in-navi-mumbai,Navi Mumbai,India,world,,19.03681,73.01582,,2600000,Asia,,,42.5,97.6,184.7,718.2,406,81.9,3.343,0.207,0.337,0.842,263.0,93.7,0.15,0.179,266.6,2873,
w-so-mogadishu,Mogadishu,Somalia,world,,2.03711,45.34375,,2587183,Africa,,,70.5,25.4,71.4,513.0,269,49.0,3.045,0.43,0.672,0.968,357.0,188.6,0.558,0.062,439.2,3587,
w-gh-kumasi,Kumasi,Ghana,world,,6.68848,-1.62443,,2544530,Africa,,,0.5,155.5,266.0,770.0,456,154.8,3.561,0.02,0.285,0.931,294.0,64.4,0.139,0.159,297.1,2851,
w-id-bandung,Bandung,Indonesia,world,,-6.92222,107.60694,,2528163,Asia,,,13.5,75.5,261.1,747.8,425,73.0,3.32,0.225,0.429,0.952,135.0,183.6,0.117,0.172,519.0,11750,
w-pk-gujranwala,Gujranwala,Pakistan,world,,32.15567,74.18705,,2511118,Asia,,,0.5,44.9,101.5,671.3,334,42.7,3.088,0.4,0.658,0.985,61.0,181.0,0.255,0.14,561.7,4654,
w-cn-huai-an,Huai'an,China,world,,33.58861,119.01917,,2494013,Asia,,,1.5,62.0,102.4,641.0,335,82.7,3.213,0.309,0.543,0.969,385.0,22.9,0.45,0.056,235.6,897,
w-id-medan,Medan,Indonesia,world,,3.58333,98.66667,,2486283,Asia,,,1.5,56.7,121.4,667.4,338,69.6,2.834,0.566,0.628,0.96,nan,137.9,0.142,0.23,452.6,8319,
w-in-lucknow,Lucknow,India,world,,26.83928,80.92313,,2472011,Asia,,,23.5,145.3,257.7,753.0,435,172.4,3.494,0.08,0.327,0.934,nan,73.8,0.159,0.212,301.7,3461,
w-bf-ouagadougou,Ouagadougou,Burkina Faso,world,,12.36566,-1.53388,,2415266,Africa,,,76.5,42.4,80.3,645.7,316,99.1,3.38,0.177,0.662,0.992,62.0,111.9,0.447,0.038,428.2,3067,
w-in-nagpur,Nagpur,India,world,,21.14631,79.08491,,2405665,Asia,,,1.5,83.9,228.2,730.1,406,85.4,3.392,0.167,0.422,0.92,nan,134.9,0.229,0.102,441.2,5893,
w-br-fortaleza,Fortaleza,Brazil,world,,-3.71722,-38.54306,,2400000,South America,,,17.5,49.0,95.8,496.7,283,93.0,3.205,0.315,0.505,0.986,122.0,82.2,0.4,0.096,310.3,3798,
w-co-cali,Cali,Colombia,world,,3.43054,-76.5199,,2392877,South America,,,46.5,54.1,207.2,771.8,459,56.3,3.462,0.108,0.21,0.995,nan,219.0,0.394,0.022,689.0,8529,
w-au-perth,Perth,Australia,world,,-31.95224,115.8614,,2384371,Oceania,,,0.5,85.3,191.9,722.7,402,90.8,3.395,0.164,0.261,0.982,nan,77.8,0.282,0.064,302.2,5269,
w-kr-daegu,Daegu,South Korea,world,,35.87028,128.59111,,2365523,Asia,,,4.5,83.5,223.9,750.2,429,91.0,3.435,0.131,0.42,0.966,nan,125.8,0.299,0.041,468.4,4657,
w-dz-algiers,Algiers,Algeria,world,,36.73225,3.08746,,2364230,Africa,,,23.5,93.4,226.5,724.9,411,115.6,3.543,0.037,0.375,0.882,333.0,111.7,0.265,0.153,403.4,4217,
w-cn-nanchang,Nanchang,China,world,,28.68396,115.85306,,2357839,Asia,,,26.5,66.2,98.1,616.8,333,157.6,3.454,0.114,0.435,0.939,312.0,50.6,0.34,0.06,304.9,1731,
w-az-baku,Baku,Azerbaijan,world,,40.37767,49.89201,,2351300,Asia,,,80.5,80.5,126.2,517.6,302,109.2,3.491,0.083,0.393,0.925,238.0,45.4,0.165,0.235,187.7,1787,norm_short
w-cn-hohhot,Hohhot,China,world,,40.81056,111.65222,,2350000,Asia,,,71.5,88.0,152.2,665.1,339,193.4,2.889,0.532,0.563,0.976,385.0,26.9,0.409,0.137,231.5,908,
w-jp-nagoya,Nagoya,Japan,world,,35.18147,136.90641,,2332176,Asia,,,0.5,37.6,148.2,676.0,334,36.3,3.181,0.333,0.727,0.98,385.0,230.8,0.418,0.015,743.8,7676,
w-us-queens,Queens,United States,world,,40.68149,-73.83652,,2316841,North America,,,69.5,27.4,54.9,646.8,314,106.1,3.158,0.35,0.632,0.993,78.0,84.8,0.495,0.039,435.6,4465,
w-ir-mashhad,Mashhad,Iran,world,,36.29807,59.60567,,2307177,Asia,,,26.5,61.4,211.3,748.7,427,92.6,3.296,0.244,0.465,0.979,nan,174.8,0.192,0.248,557.9,8298,
w-cn-shaoxing,Shaoxing,China,world,,30.00237,120.57864,,2300000,Asia,,,0.5,95.1,133.5,692.3,367,102.6,3.294,0.246,0.528,0.964,238.0,26.8,0.435,0.073,214.9,1395,
w-cn-nantong,Nantong,China,world,,32.03028,120.87472,,2273326,Asia,,,89.5,61.3,126.2,627.1,302,56.4,3.095,0.395,0.642,0.966,152.0,31.2,0.352,0.077,265.1,2135,
w-cn-baoshan,Baoshan,China,world,,31.40845,121.48956,,2265900,Asia,,,67.5,62.3,64.2,511.2,245,205.7,3.095,0.395,0.669,0.958,312.0,6.8,0.412,0.171,100.8,598,norm_short
w-cn-yantai,Yantai,China,world,,37.47649,121.44081,,2227733,Asia,,,13.5,70.4,78.7,697.8,377,139.4,3.285,0.254,0.362,0.94,nan,20.8,0.281,0.157,159.4,918,norm_short
w-tr-gaziantep,Gaziantep,Turkey,world,,37.05944,37.3825,,2222415,Asia,,,3.5,39.7,220.9,752.6,430,40.8,3.54,0.039,0.363,0.964,227.0,346.5,0.245,0.024,763.0,8678,
w-cd-lubumbashi,Lubumbashi,Democratic Republic of the Congo,world,,-11.66089,27.47938,,2221925,Africa,,,62.5,64.2,109.0,704.2,383,188.2,3.41,0.152,0.458,0.974,74.0,55.8,0.252,0.155,277.3,2347,
w-br-manaus,Manaus,Brazil,world,,-3.10194,-60.025,,2219580,South America,,,0.5,78.2,157.7,694.8,367,71.1,3.344,0.206,0.576,0.965,208.0,99.7,0.243,0.144,399.3,4596,
w-zm-lusaka,Lusaka,Zambia,world,,-15.40669,28.28713,,2212301,Africa,,,80.5,98.6,162.6,717.1,395,159.9,3.496,0.078,0.461,0.941,143.0,56.1,0.19,0.13,287.0,2574,
w-cn-zhuhai,Zhuhai,China,world,,22.27694,113.56778,,2207090,Asia,,,78.5,110.7,117.0,629.4,342,146.0,3.41,0.152,0.355,0.964,238.0,19.4,0.291,0.047,137.8,939,norm_short
w-do-santo-domingo,Santo Domingo,Dominican Republic,world,,18.47186,-69.89232,,2201941,North America,,,86.5,75.8,171.5,636.7,363,75.0,3.337,0.212,0.373,0.974,357.0,75.8,0.454,0.076,329.2,2534,
w-tg-lome,Lome,Togo,world,,6.12874,1.22154,,2188376,Africa,,,74.5,77.5,166.8,556.9,323,108.0,3.333,0.215,0.493,0.994,nan,84.4,0.411,0.05,312.2,2063,
w-pk-multan,Multan,Pakistan,world,,30.19679,71.47824,,2169915,Asia,,,89.5,81.6,244.5,755.4,435,82.2,3.397,0.163,0.388,0.943,nan,162.5,0.126,0.187,490.4,5774,
w-cu-havana,Havana,Cuba,world,,23.13302,-82.38304,,2163824,North America,,,50.5,47.5,130.7,634.3,346,99.8,3.507,0.069,0.344,0.99,119.0,93.0,0.574,0.036,361.7,3457,
w-id-depok,Depok,Indonesia,world,,-6.4,106.81861,,2163635,Asia,,,5.5,60.7,240.4,735.5,408,63.8,3.235,0.292,0.557,0.91,nan,235.1,0.129,0.253,586.1,12716,
w-cn-baotou,Baotou,China,world,,40.6516,109.84389,,2150000,Asia,,,3.5,18.6,34.5,510.6,193,118.8,2.407,0.784,0.784,0.976,nan,37.2,0.36,0.114,244.7,1020,
w-in-coimbatore,Coimbatore,India,world,,11.00555,76.96612,,2136916,Asia,,,86.5,75.9,189.5,697.5,365,82.2,3.085,0.402,0.654,0.913,nan,131.0,0.167,0.237,463.3,5611,
w-cn-qingyang,Qingyang,China,world,,35.70976,107.64455,,2125400,Asia,,,81.5,28.3,45.9,532.8,194,117.5,2.757,0.611,0.879,0.965,263.0,52.6,0.617,0.106,318.1,1237,
w-ng-port-harcourt,Port Harcourt,Nigeria,world,,4.77742,7.0134,,2120000,Africa,,,87.5,112.0,133.3,681.7,375,161.8,3.52,0.057,0.332,0.922,109.0,37.6,0.184,0.168,180.7,1646,norm_short
w-za-pretoria,Pretoria,South Africa,world,,-25.74486,28.18783,,2112693,Africa,,,85.5,47.3,86.0,630.2,308,128.8,3.13,0.37,0.601,0.966,167.0,43.2,0.352,0.155,248.7,2511,
w-ar-cordoba,Cordoba,Argentina,world,,-31.40648,-64.18853,,2106734,South America,,,19.5,46.5,125.7,684.7,356,89.7,3.285,0.253,0.586,0.992,135.0,113.0,0.584,0.048,478.7,5196,
w-cd-mbuji-mayi,Mbuji-Mayi,Democratic Republic of the Congo,world,,-6.13603,23.58979,,2101332,Africa,,,30.5,104.4,147.0,716.2,394,167.5,3.376,0.18,0.51,0.959,nan,64.2,0.211,0.087,281.5,2147,
w-sy-aleppo,Aleppo,Syria,world,,36.20124,37.16117,,2098210,Asia,,,0.5,59.2,226.7,749.5,428,59.5,3.425,0.139,0.434,0.958,nan,239.4,0.225,0.065,620.7,6045,
w-cn-kunshan,Kunshan,China,world,,31.37762,120.95431,,2092496,Asia,,,87.5,108.6,152.4,657.4,339,122.8,2.964,0.484,0.573,0.934,333.0,30.6,0.376,0.208,220.7,1574,
w-iq-al-mawsil-al-jadidah,Al Mawsil al Jadidah,Iraq,world,,36.33271,43.10555,,2065597,Asia,,,66.5,69.5,243.6,760.4,442,82.2,3.552,0.029,0.331,0.932,nan,187.7,0.146,0.083,547.6,4286,
w-cn-weifang,Weifang,China,world,,36.71,119.10194,,2044028,Asia,,,0.5,102.7,134.7,636.6,314,106.2,2.857,0.552,0.722,0.949,333.0,26.5,0.446,0.093,237.2,794,
w-cn-zunyi,Zunyi,China,world,,27.68667,106.90722,,2037775,Asia,,,47.5,178.2,223.3,726.4,412,228.5,3.491,0.083,0.319,0.861,185.0,19.3,0.244,0.181,158.7,930,norm_short
w-iq-al-basrah-al-qadimah,Al Basrah al Qadimah,Iraq,world,,30.50316,47.81507,,2015483,Asia,,,60.5,59.3,224.7,738.2,415,83.7,3.133,0.368,0.437,0.974,nan,216.1,0.168,0.101,610.8,6157,
w-bo-la-paz,La Paz,Bolivia,world,,-16.5,-68.15,,2004652,South America,,,23.5,90.6,296.5,768.1,454,95.1,3.52,0.057,0.255,0.931,357.0,136.1,0.289,0.102,507.4,7211,
w-cn-lianyungang,Lianyungang,China,world,,34.59845,119.21556,,2001009,Asia,,,0.5,132.5,135.3,664.8,357,142.9,3.202,0.317,0.357,0.975,294.0,15.5,0.466,0.04,164.8,458,norm_short
w-co-medellin,Medellin,Colombia,world,,6.245,-75.57151,,1999979,South America,,,10.5,74.2,257.7,749.6,429,80.1,3.46,0.109,0.289,0.978,119.0,141.8,0.352,0.07,519.5,8122,
w-in-indore,Indore,India,world,,22.71792,75.8333,,1994397,Asia,,,4.5,55.6,209.4,725.7,397,56.3,3.304,0.238,0.575,0.941,147.0,239.5,0.188,0.141,584.8,7410,
w-uz-tashkent,Tashkent,Uzbekistan,world,,41.26465,69.21627,,1978028,Asia,,,39.5,73.8,136.9,703.6,378,193.5,3.455,0.114,0.418,0.934,357.0,50.2,0.235,0.146,274.5,2692,
w-cn-ganzhou,Ganzhou,China,world,,25.84664,114.9326,,1977253,Asia,,,89.5,70.1,175.3,712.5,388,66.8,3.432,0.133,0.456,0.938,227.0,65.7,0.392,0.099,349.7,2130,
w-kz-almaty,Almaty,Kazakhstan,world,,43.25249,76.9115,,1977011,Asia,,,84.5,25.7,43.1,516.4,221,144.1,2.916,0.515,0.753,0.973,143.0,41.9,0.348,0.14,275.6,2943,
w-sd-khartoum,Khartoum,Sudan,world,,15.55177,32.53241,,1974647,Africa,,,80.5,22.7,40.1,483.6,159,68.4,2.508,0.739,0.914,0.99,76.0,178.3,0.282,0.007,523.2,4483,
w-de-hamburg,Hamburg,Germany,world,,53.55073,9.99302,,1973896,Europe,,,65.5,126.5,262.8,749.0,431,122.3,3.558,0.023,0.222,0.981,nan,74.4,0.393,0.088,287.7,8087,
w-jp-sapporo,Sapporo,Japan,world,,43.06667,141.35,,1973832,Asia,,,79.5,18.0,40.7,587.7,255,82.4,3.263,0.27,0.735,0.983,64.0,146.8,0.429,0.032,504.9,4783,
w-cn-songjiang,Songjiang,China,world,,31.03443,121.22326,,1973500,Asia,,,89.5,56.0,78.0,571.7,253,53.0,2.969,0.481,0.768,0.948,nan,19.6,0.391,0.199,182.9,1686,norm_short
w-gh-accra,Accra,Ghana,world,,5.55602,-0.1969,,1963264,Africa,,,28.5,109.1,164.0,741.1,426,150.2,3.496,0.078,0.294,0.973,nan,63.4,0.212,0.149,277.9,2988,
w-br-curitiba,Curitiba,Brazil,world,,-25.42778,-49.27306,,1948626,South America,,,66.5,43.2,97.2,698.0,372,131.0,3.374,0.182,0.483,0.992,167.0,89.5,0.486,0.079,403.8,4680,
w-cn-ordos,Ordos,China,world,,39.6086,109.78157,,1940653,Asia,,,89.5,60.6,77.1,708.8,388,53.5,3.419,0.144,0.321,0.859,278.0,57.5,0.603,0.083,316.7,675,
w-ye-sanaa,Sanaa,Yemen,world,,15.35452,44.20646,,1937451,Asia,,,83.5,65.3,218.9,722.4,393,65.8,3.381,0.176,0.551,0.966,nan,169.2,0.238,0.059,538.9,4597,
w-gn-conakry,Conakry,Guinea,world,,9.53795,-13.67729,,1928389,Africa,,,10.5,231.0,255.3,703.2,421,235.2,3.468,0.103,0.104,0.94,312.0,26.2,0.133,0.122,128.6,773,norm_short
w-id-tangerang,Tangerang,Indonesia,world,,-6.17806,106.63,,1927815,Asia,,,0.5,73.8,184.2,713.5,384,74.0,3.282,0.256,0.611,0.929,147.0,166.4,0.116,0.222,452.0,8609,
w-mx-tijuana,Tijuana,Mexico,world,,32.5027,-117.00371,,1922523,North America,,,84.5,90.3,260.5,769.9,455,98.5,3.494,0.08,0.293,0.961,82.0,121.8,0.232,0.227,468.6,6288,
w-pk-hyderabad,Hyderabad,Pakistan,world,,25.39689,68.37718,,1921275,Asia,,,47.5,86.9,273.1,762.4,445,86.2,3.536,0.043,0.262,0.918,312.0,165.6,0.299,0.113,464.5,4112,
w-lb-beirut,Beirut,Lebanon,world,,33.89332,35.50157,,1916100,Asia,,,2.5,58.5,174.2,630.9,349,58.6,3.362,0.191,0.471,0.977,161.0,149.6,0.213,0.151,426.3,5279,
w-cn-jieyang,Jieyang,China,world,,23.5418,116.36581,,1899394,Asia,,,89.5,84.0,117.3,679.9,352,84.4,3.343,0.207,0.561,0.95,147.0,42.8,0.315,0.071,260.8,918,
w-cn-jilin,Jilin,China,world,,43.84652,126.5608,,1895865,Asia,,,3.5,66.8,101.1,692.3,370,101.9,3.325,0.222,0.479,0.939,nan,38.9,0.469,0.051,278.9,937,
w-cn-jiading,Jiading,China,world,,31.38575,121.24465,,1886100,Asia,,,63.5,114.7,166.3,659.5,340,228.6,3.147,0.358,0.643,0.974,333.0,20.5,0.576,0.099,199.4,1803,norm_short
w-ro-bucharest,Bucharest,Romania,world,,44.43225,26.10626,,1877155,Europe,,,79.5,99.3,300.8,770.0,455,99.5,3.575,0.008,0.276,0.972,294.0,132.2,0.286,0.089,453.5,7392,
w-ke-kakamega,Kakamega,Kenya,world,,0.28422,34.75229,,1867579,Africa,,,88.5,208.7,274.3,768.3,456,211.8,3.572,0.011,0.257,0.911,238.0,27.1,0.062,0.273,185.9,1027,norm_short
w-cn-shangqiu,Shangqiu,China,world,,34.4143,115.65613,,1859723,Asia,,,89.5,63.7,75.1,557.9,238,66.1,2.816,0.577,0.826,0.992,208.0,23.8,0.512,0.13,217.2,896,
w-cn-nanchong,Nanchong,China,world,,30.79508,106.08473,,1858875,Asia,,,0.5,170.7,272.0,751.7,437,170.0,3.512,0.064,0.255,0.936,385.0,33.0,0.295,0.077,232.2,1190,
w-tw-tainan,Tainan,Taiwan,world,,22.99083,120.21333,,1856642,Asia,,,89.5,89.8,221.9,735.7,413,90.6,3.366,0.188,0.423,0.98,nan,101.2,0.414,0.038,412.4,3837,
w-cn-datong,Datong,China,world,,40.09361,113.29139,,1850000,Asia,,,0.5,43.4,62.6,499.8,201,31.7,2.973,0.478,0.807,0.98,278.0,16.8,0.376,0.108,186.0,936,norm_short
w-ng-kaduna,Kaduna,Nigeria,world,,10.52641,7.43879,,1850000,Africa,,,85.5,104.5,127.2,724.7,402,163.1,3.423,0.14,0.453,0.947,89.0,49.0,0.181,0.168,267.7,2247,
w-sd-omdurman,Omdurman,Sudan,world,,15.64453,32.47773,,1849659,Africa,,,89.5,54.9,109.4,689.4,358,58.2,2.959,0.488,0.565,0.973,63.0,185.3,0.252,0.013,513.4,4830,
w-in-thane,Thane,India,world,,19.19704,72.96355,,1841488,Asia,,,89.5,93.5,240.8,748.2,430,94.3,3.52,0.057,0.353,0.846,200.0,157.6,0.136,0.205,430.1,5681,
w-tr-diyarbakir,Diyarbakir,Turkey,world,,37.91363,40.21721,,1833684,Asia,,,72.5,91.3,247.3,716.7,411,84.2,3.552,0.028,0.206,0.917,294.0,143.6,0.167,0.054,359.6,3028,
w-bo-santa-cruz-de-la-sierra,Santa Cruz de la Sierra,Bolivia,world,,-17.78629,-63.18117,,1831434,South America,,,88.5,80.8,242.5,747.9,427,82.5,3.507,0.069,0.402,0.989,nan,147.3,0.26,0.02,508.7,5781,
w-in-vadodara,Vadodara,India,world,,22.29941,73.20812,,1822221,Asia,,,3.5,55.6,199.3,716.1,392,57.3,3.325,0.222,0.52,0.903,nan,243.2,0.15,0.194,564.7,9267,
w-tr-adana,Adana,Turkey,world,,36.98615,35.32531,,1816750,Asia,,,5.5,53.9,262.1,759.2,440,53.4,3.466,0.104,0.353,0.957,238.0,264.6,0.131,0.122,649.2,7951,
w-cn-nanyang,Nanyang,China,world,,33.00524,112.54659,,1811812,Asia,,,0.5,81.8,109.6,634.5,306,84.4,3.102,0.39,0.697,0.97,263.0,25.6,0.537,0.112,221.6,575,
w-ae-abu-dhabi,Abu Dhabi,United Arab Emirates,world,,24.45118,54.39696,,1807000,Asia,,,49.5,40.1,66.3,597.3,278,187.7,3.153,0.353,0.565,0.95,385.0,82.4,0.136,0.057,312.1,3400,
w-id-palembang,Palembang,Indonesia,world,,-2.91673,104.7458,,1801367,Asia,,,1.5,86.3,231.8,753.6,435,88.5,3.541,0.039,0.334,0.928,385.0,168.0,0.101,0.286,429.0,8203,
w-in-bhopal,Bhopal,India,world,,23.25469,77.40289,,1798218,Asia,,,2.5,82.4,226.3,736.6,417,82.5,3.507,0.068,0.405,0.9,333.0,152.3,0.143,0.211,418.9,5745,
w-cn-jiangmen,Jiangmen,China,world,,22.58333,113.08333,,1795459,Asia,,,68.5,148.9,273.0,766.9,454,168.0,3.521,0.056,0.233,0.933,385.0,59.6,0.221,0.075,300.4,2593,
w-ng-benin-city,Benin City,Nigeria,world,,6.33815,5.62575,,1782000,Africa,,,1.5,128.3,280.9,780.0,469,130.3,3.524,0.054,0.24,0.972,82.0,84.6,0.183,0.075,374.0,2573,
w-cn-jiangyin,Jiangyin,China,world,,31.91102,120.26302,,1779515,Asia,,,88.5,123.9,207.0,711.8,389,122.5,3.23,0.296,0.441,0.973,357.0,28.0,0.561,0.044,249.9,1250,
w-cn-fuyang,Fuyang,China,world,,32.9,115.81667,,1768947,Asia,,,9.5,82.7,97.4,660.5,334,154.0,3.289,0.25,0.574,0.976,294.0,21.1,0.408,0.179,185.6,960,norm_short
w-ca-montreal,Montreal,Canada,world,,45.50884,-73.58781,,1762949,North America,,,32.5,41.0,84.9,579.3,236,149.9,2.678,0.655,0.783,0.963,61.0,71.0,0.462,0.056,378.2,6751,
w-cn-bayan-nur,Bayan Nur,China,world,,40.74143,107.38599,,1760000,Asia,,,59.5,20.0,31.7,451.4,175,208.3,3.03,0.44,0.759,0.937,nan,22.6,0.488,0.071,197.3,504,norm_short
w-ve-maracaibo,Maracaibo,Venezuela,world,,10.64232,-71.61089,,1752602,South America,,,78.5,107.4,215.7,700.0,397,96.1,3.496,0.078,0.292,0.941,60.0,77.1,0.323,0.144,311.0,2927,
w-cn-chaozhou,Chaozhou,China,world,,23.65396,116.62262,,1750945,Asia,,,9.5,173.0,281.9,775.4,465,188.8,3.537,0.041,0.232,0.944,122.0,49.6,0.244,0.081,277.5,1336,
w-by-minsk,Minsk,Belarus,world,,53.90019,27.56653,,1742124,Europe,,,56.5,165.6,232.2,747.3,432,234.0,3.539,0.04,0.329,0.985,179.0,29.5,0.358,0.129,211.1,3726,
w-hu-budapest,Budapest,Hungary,world,,47.49835,19.04045,,1741041,Europe,,,47.5,108.4,260.5,767.8,454,119.6,3.557,0.024,0.264,0.986,357.0,99.2,0.359,0.085,409.5,8735,
w-cn-qingyuan,Qingyuan,China,world,,23.7,113.03333,,1738424,Asia,,,89.5,121.2,206.8,725.4,409,123.8,3.485,0.088,0.28,0.962,357.0,55.3,0.382,0.045,274.0,1707,
w-cn-tai-an,Tai'an,China,world,,36.18528,117.12,,1735425,Asia,,,0.5,128.1,157.8,657.4,331,125.3,3.031,0.439,0.675,0.952,333.0,23.2,0.326,0.192,187.4,1362,norm_short
w-in-rasapudipalem,Rasapudipalem,India,world,,17.73308,83.31622,,1728128,Asia,,,14.5,82.4,212.0,719.8,403,71.7,3.423,0.141,0.373,0.912,nan,138.2,0.216,0.122,419.9,3889,
w-in-pimpri-chinchwad,Pimpri-Chinchwad,India,world,,18.61867,73.80375,,1727692,Asia,,,8.5,83.7,201.5,719.4,393,90.9,3.326,0.221,0.574,0.926,250.0,115.1,0.135,0.23,401.3,5010,
w-pl-warsaw,Warsaw,Poland,world,,52.22977,21.01178,,1702139,Europe,,,71.5,103.0,211.4,708.5,384,152.7,3.416,0.146,0.509,0.981,109.0,73.4,0.388,0.123,318.6,6658,
w-za-soweto,Soweto,South Africa,world,,-26.26781,27.85849,,1695047,Africa,,,89.5,101.1,236.1,763.7,448,110.8,3.527,0.051,0.33,0.952,357.0,90.8,0.203,0.058,406.3,3249,
w-id-semarang,Semarang,Indonesia,world,,-6.99306,110.42083,,1694740,Asia,,,83.5,68.5,228.6,758.8,439,68.4,3.437,0.129,0.371,0.945,nan,214.4,0.14,0.115,568.0,9928,
w-mx-puebla,Puebla,Mexico,world,,19.04778,-98.20723,,1692181,North America,,,28.5,32.7,90.6,630.8,300,98.6,3.197,0.321,0.677,0.989,98.0,135.0,0.502,0.083,524.6,6611,
w-in-patna,Patna,India,world,,25.59408,85.13563,,1684297,Asia,,,8.5,66.8,198.6,713.9,384,71.3,3.14,0.363,0.583,0.911,nan,168.2,0.087,0.201,532.0,6006,
w-in-kallakurichi,Kallakurichi,India,world,,11.73379,78.95925,,1682687,Asia,,,12.5,138.2,164.7,680.4,360,204.1,3.321,0.225,0.596,0.836,357.0,29.8,0.121,0.259,150.8,876,norm_short
w-ug-kampala,Kampala,Uganda,world,,0.31628,32.58219,,1680600,Africa,,,82.5,172.8,317.9,770.7,457,177.9,3.579,0.004,0.246,0.925,139.0,59.0,0.118,0.227,278.9,3481,
w-cn-xining,Xining,China,world,,36.62554,101.75739,,1677177,Asia,,,27.5,84.3,152.1,627.3,318,193.1,3.399,0.161,0.568,0.961,200.0,20.6,0.29,0.079,216.3,865,
w-cn-changshu,Changshu,China,world,,31.64615,120.74221,,1677050,Asia,,,0.5,115.5,156.8,712.2,392,116.0,3.38,0.177,0.436,0.966,200.0,21.4,0.453,0.073,186.1,1099,norm_short
w-cn-huainan,Huainan,China,world,,32.62639,116.99694,,1666826,Asia,,,89.5,145.3,163.9,669.0,350,136.4,3.019,0.448,0.523,0.93,278.0,20.1,0.26,0.225,178.3,786,norm_short
w-ma-rabat,Rabat,Morocco,world,,34.01325,-6.83255,,1655753,Africa,,,39.5,103.2,227.5,719.6,413,123.9,3.469,0.102,0.295,0.951,238.0,117.8,0.186,0.083,361.1,5072,
w-br-recife,Recife,Brazil,world,,-8.05389,-34.88111,,1653461,South America,,,34.5,92.3,201.2,673.6,385,108.8,3.546,0.034,0.342,0.982,357.0,103.6,0.237,0.072,327.8,5038,
w-cn-suzhou-2,Suzhou,China,world,,33.63611,116.97889,,1647642,Asia,,,0.5,44.5,74.6,545.6,214,40.3,2.823,0.572,0.856,0.972,nan,29.5,0.434,0.119,226.5,705,
w-mx-ecatepec-de-morelos,Ecatepec de Morelos,Mexico,world,,19.60492,-99.06064,,1645352,North America,,,64.5,71.6,233.8,720.9,413,103.5,3.345,0.206,0.316,0.984,217.0,124.3,0.172,0.273,410.6,6662,
w-cn-lu-an,Lu'an,China,world,,31.73561,116.51688,,1644344,Asia,,,61.5,113.8,170.3,673.6,368,140.0,3.486,0.087,0.396,0.831,nan,22.6,0.463,0.106,199.5,583,norm_short
w-ve-valencia,Valencia,Venezuela,world,,10.16153,-68.00044,,1619470,South America,,,82.5,54.0,122.2,682.5,355,79.1,3.313,0.231,0.607,0.955,106.0,129.7,0.34,0.092,489.7,3775,
w-in-ludhiana,Ludhiana,India,world,,30.91204,75.85379,,1618879,Asia,,,0.5,56.9,278.7,768.1,450,57.1,3.495,0.079,0.305,0.932,333.0,259.7,0.181,0.091,673.7,8430,
w-cn-yancheng,Yancheng,China,world,,33.3575,120.1573,,1615717,Asia,,,54.5,46.7,65.5,473.5,191,257.8,2.702,0.641,0.845,0.974,nan,20.1,0.474,0.047,228.9,815,
w-ru-novosibirsk,Novosibirsk,Russia,world,,55.02259,82.93175,,1612833,Europe,,,35.5,63.9,89.2,648.7,350,234.8,3.283,0.255,0.473,0.968,238.0,28.1,0.319,0.147,219.0,1727,
w-iq-erbil,Erbil,Iraq,world,,36.19117,44.00943,,1612700,Asia,,,41.5,74.9,327.7,778.4,466,65.5,3.518,0.059,0.164,0.978,357.0,225.1,0.124,0.039,613.7,6895,
w-jp-fukuoka,Fukuoka,Japan,world,,33.6,130.41667,,1612392,Asia,,,52.5,31.5,185.7,697.3,363,45.0,3.486,0.087,0.419,0.968,111.0,151.3,0.424,0.057,826.7,6658,
w-cn-taizhou,Taizhou,China,world,,32.49069,119.90812,,1607108,Asia,,,89.5,116.0,124.7,627.2,307,122.3,2.674,0.657,0.708,0.979,263.0,13.1,0.576,0.027,165.8,526,norm_short
w-cn-daqing,Daqing,China,world,,46.58333,125.0,,1604027,Asia,,,15.5,65.1,86.5,626.9,317,261.0,3.075,0.41,0.474,0.923,385.0,9.5,0.193,0.105,113.7,261,norm_short
w-cn-wuhu,Wuhu,China,world,,31.35259,118.42947,,1598165,Asia,,,0.5,47.2,64.0,594.4,274,42.5,3.233,0.294,0.694,0.96,250.0,20.2,0.454,0.044,211.8,755,
w-mx-santiago-de-queretaro,Santiago de Queretaro,Mexico,world,,20.58806,-100.38806,,1594212,North America,,,70.5,59.1,195.7,730.9,407,76.0,3.429,0.136,0.48,0.978,nan,164.1,0.234,0.131,555.6,8442,
w-cn-dazhou,Dazhou,China,world,,31.2106,107.46308,,1589435,Asia,,,0.5,145.0,173.9,689.3,376,142.7,3.533,0.045,0.431,0.867,227.0,15.9,0.294,0.179,151.6,646,norm_short
w-cn-yangzhou,Yangzhou,China,world,,32.39722,119.43583,,1584237,Asia,,,89.5,91.5,134.9,628.8,300,99.1,3.031,0.439,0.686,0.979,227.0,17.1,0.422,0.062,180.5,1164,norm_short
w-mx-leon-de-los-aldama,Leon de los Aldama,Mexico,world,,21.12183,-101.68253,,1579803,North America,,,13.5,60.5,189.9,707.9,373,75.3,3.168,0.343,0.666,0.994,nan,155.9,0.445,0.077,569.2,6712,
w-sa-makkah,Makkah,Saudi Arabia,world,,21.42664,39.82563,,1578722,Asia,,,0.5,105.6,245.0,736.0,416,104.5,3.557,0.024,0.359,0.904,333.0,71.0,0.108,0.179,337.5,3256,
w-kh-phnom-penh,Phnom Penh,Cambodia,world,,11.56245,104.91601,,1573544,Asia,,,82.5,76.1,140.1,700.7,374,97.7,3.179,0.334,0.586,0.982,71.0,86.0,0.363,0.117,392.0,3722,
w-cn-guilin,Guilin,China,world,,25.28022,110.29639,,1572300,Asia,,,89.5,108.5,157.2,735.0,417,120.5,3.479,0.093,0.38,0.936,294.0,23.2,0.278,0.119,185.1,1031,norm_short
w-sy-damascus,Damascus,Syria,world,,33.5102,36.29128,,1569394,Asia,,,4.5,73.8,229.3,735.4,413,78.4,3.495,0.079,0.491,0.937,385.0,140.6,0.146,0.085,466.9,4785,
w-pk-quetta,Quetta,Pakistan,world,,30.18414,67.00141,,1565546,Asia,,,28.5,93.6,227.6,735.8,412,132.6,3.458,0.111,0.398,0.952,278.0,99.7,0.163,0.211,382.8,3762,
w-cn-zhaoqing,Zhaoqing,China,world,,23.04893,112.46091,,1553109,Asia,,,0.5,61.7,111.4,597.7,295,59.9,3.326,0.221,0.682,0.963,263.0,53.5,0.248,0.068,257.3,2496,
w-ng-onitsha,Onitsha,Nigeria,world,,6.14978,6.78569,,1553000,Africa,,,3.5,106.4,168.4,706.2,409,144.3,3.555,0.026,0.306,0.923,69.0,57.8,0.197,0.173,273.7,1831,
w-cn-mianyang,Mianyang,China,world,,31.46784,104.68168,,1550000,Asia,,,1.5,173.7,229.8,739.0,421,154.3,3.512,0.064,0.332,0.916,357.0,17.9,0.379,0.1,198.6,653,norm_short
w-nz-auckland,Auckland,New Zealand,world,,-36.84853,174.76349,,1547200,Oceania,,,14.5,96.9,190.0,633.9,369,116.2,3.521,0.056,0.306,0.968,227.0,63.8,0.258,0.161,277.9,4824,
w-ir-isfahan,Isfahan,Iran,world,,32.65246,51.67462,,1547164,Asia,,,6.5,44.5,226.7,730.8,403,50.6,3.412,0.15,0.528,0.953,143.0,339.6,0.105,0.397,668.1,17382,
w-cn-wanzhou,Wanzhou,China,world,,30.76451,108.39586,,1545900,Asia,,,73.5,149.1,176.8,688.1,368,212.1,3.546,0.033,0.344,0.883,238.0,10.6,0.283,0.086,146.0,579,norm_short
w-kz-astana,Astana,Kazakhstan,world,,51.1801,71.44598,,1544142,Asia,,,79.5,60.5,81.2,690.7,377,224.0,3.395,0.164,0.426,0.962,179.0,30.6,0.249,0.14,185.8,1644,norm_short
w-zw-harare,Harare,Zimbabwe,world,,-17.82772,31.05337,,1542813,Africa,,,76.5,64.3,70.7,650.2,337,181.8,3.396,0.163,0.5,0.952,185.0,41.6,0.32,0.084,237.8,1437,
w-lr-monrovia,Monrovia,Liberia,world,,6.30054,-10.7969,,1542549,Africa,,,20.5,41.8,41.8,381.0,173,218.5,3.118,0.379,0.747,0.929,116.0,11.8,0.49,0.199,70.3,431,norm_short
w-cn-putian,Putian,China,world,,25.43944,119.01028,,1539389,Asia,,,0.5,130.8,173.2,735.6,421,132.5,3.552,0.028,0.268,0.95,217.0,31.2,0.352,0.053,227.3,955,
w-jp-kawasaki,Kawasaki,Japan,world,,35.52056,139.71722,,1538262,Asia,,,0.5,75.3,214.8,714.9,395,74.8,3.53,0.048,0.339,0.961,385.0,126.3,0.4,0.076,432.2,5228,
w-br-goiania,Goiania,Brazil,world,,-16.67861,-49.25389,,1536097,South America,,,73.5,60.8,161.3,726.8,404,103.5,3.469,0.102,0.434,0.974,81.0,135.7,0.302,0.062,478.8,6520,
w-us-san-antonio,San Antonio,United States,world,,29.42412,-98.49363,,1526656,North America,,,89.5,69.7,162.4,697.0,376,48.0,2.962,0.486,0.545,0.99,72.0,75.9,0.428,0.079,420.6,3751,
w-jp-kobe,Kobe,Japan,world,,34.6913,135.183,,1525152,Asia,,,63.5,45.8,146.7,673.2,351,86.4,3.357,0.195,0.416,0.952,333.0,175.4,0.292,0.074,484.6,5344,
w-se-stockholm,Stockholm,Sweden,world,,59.32938,18.06871,,1515017,Europe,,,63.5,76.3,212.1,746.0,428,100.9,3.529,0.049,0.264,0.959,263.0,101.7,0.365,0.142,418.8,8705,
w-mx-ciudad-juarez,Ciudad Juarez,Mexico,world,,31.72024,-106.46084,,1512450,North America,,,4.5,41.9,112.7,708.9,383,77.2,3.331,0.216,0.468,0.991,106.0,152.8,0.481,0.102,532.5,4368,
w-vn-can-tho,Can Tho,Vietnam,world,,10.03711,105.78825,,1507187,Asia,,,48.5,93.8,156.9,607.9,330,197.4,3.283,0.255,0.523,0.943,385.0,41.8,0.19,0.255,205.7,2295,
w-de-munich,Munich,Germany,world,,48.13743,11.57549,,1505005,Europe,,,6.5,130.6,292.3,762.0,446,135.2,3.499,0.076,0.292,0.987,nan,83.0,0.333,0.082,331.8,8777,
w-bd-khulna,Khulna,Bangladesh,world,,22.80979,89.56439,,1500689,Asia,,,2.5,120.4,200.9,715.3,391,122.7,3.357,0.196,0.485,0.897,nan,64.8,0.095,0.19,282.3,2131,
w-br-belem,Belem,Brazil,world,,-1.45583,-48.50444,,1499641,South America,,,38.5,52.8,72.3,446.7,256,115.7,3.419,0.144,0.404,0.987,77.0,52.6,0.447,0.149,191.9,2004,norm_short
w-ru-yekaterinburg,Yekaterinburg,Russia,world,,56.85733,60.61529,,1495066,Europe,,,78.5,44.6,59.8,631.4,322,201.5,3.35,0.201,0.599,0.978,333.0,17.9,0.433,0.199,158.4,1958,norm_short
w-br-porto-alegre,Porto Alegre,Brazil,world,,-30.03283,-51.23019,,1488252,South America,,,6.5,80.8,134.0,576.0,324,109.1,3.465,0.105,0.384,0.989,185.0,49.5,0.399,0.033,218.3,3184,
w-cn-yinchuan,Yinchuan,China,world,,38.46806,106.27306,,1487579,Asia,,,6.5,174.4,215.5,690.3,363,210.7,2.995,0.464,0.54,0.99,312.0,19.0,0.421,0.067,182.6,609,norm_short
w-in-nashik,Nashik,India,world,,19.99727,73.79096,,1486053,Asia,,,6.5,85.8,218.1,731.6,407,89.2,3.343,0.207,0.524,0.883,294.0,127.4,0.176,0.18,456.2,4728,
w-cn-taizhou-2,Taizhou,China,world,,28.66266,121.43312,,1485502,Asia,,,1.5,168.6,192.6,718.6,396,159.1,3.015,0.451,0.451,0.963,385.0,24.5,0.391,0.044,191.7,957,norm_short
w-py-asuncion,Asuncion,Paraguay,world,,-25.28646,-57.647,,1482200,South America,,,32.5,26.8,56.0,577.0,258,119.2,3.005,0.457,0.624,0.994,98.0,70.2,0.68,0.079,303.7,2482,
w-cn-yiwu,Yiwu,China,world,,29.31506,120.07676,,1481384,Asia,,,36.5,98.4,200.1,717.7,400,169.7,3.537,0.042,0.422,0.959,333.0,46.2,0.423,0.042,342.3,1413,
w-mx-zapopan,Zapopan,Mexico,world,,20.72111,-103.38742,,1476491,North America,,,9.5,60.3,135.0,717.2,393,86.8,3.32,0.225,0.51,0.977,94.0,123.8,0.327,0.133,459.0,7176,
w-id-makassar,Makassar,Indonesia,world,,-5.14861,119.43194,,1474393,Asia,,,16.5,64.7,238.3,736.5,411,71.8,3.328,0.219,0.524,0.958,333.0,195.7,0.138,0.184,559.8,9054,
w-cn-quanzhou,Quanzhou,China,world,,24.91389,118.58583,,1469157,Asia,,,24.5,164.5,243.6,754.3,439,208.6,3.545,0.035,0.335,0.947,nan,28.4,0.289,0.144,223.4,1133,
w-in-madurai,Madurai,India,world,,9.919,78.11953,,1465625,Asia,,,0.5,71.2,228.2,738.4,413,71.4,3.293,0.247,0.516,0.93,nan,176.0,0.185,0.145,523.7,6641,
w-cn-jinhua,Jinhua,China,world,,29.10678,119.64421,,1463990,Asia,,,80.5,103.0,130.8,715.2,390,130.1,3.333,0.215,0.516,0.942,208.0,45.9,0.294,0.109,289.5,1537,
w-cn-cixi,Cixi,China,world,,30.1764,121.2457,,1457510,Asia,,,15.5,104.7,148.8,647.1,329,158.4,2.99,0.467,0.634,0.984,185.0,22.3,0.63,0.067,211.0,796,
w-cn-changde,Changde,China,world,,29.03205,111.69844,,1457419,Asia,,,0.5,96.2,132.3,685.9,359,92.5,3.085,0.402,0.566,0.97,333.0,28.7,0.337,0.091,208.4,850,
w-my-kuala-lumpur,Kuala Lumpur,Malaysia,world,,3.1412,101.68653,,1453975,Asia,,,0.5,131.8,278.8,761.9,447,131.7,3.558,0.023,0.249,0.925,nan,66.1,0.149,0.136,339.4,6688,
w-tr-kayseri,Kayseri,Turkey,world,,38.73222,35.48528,,1452458,Asia,,,68.5,54.8,178.2,735.2,411,83.0,3.509,0.066,0.486,0.957,357.0,159.0,0.167,0.064,546.1,4921,
w-cn-kaifeng,Kaifeng,China,world,,34.7986,114.30742,,1451741,Asia,,,89.5,61.6,63.7,599.3,273,37.0,2.751,0.614,0.734,0.984,278.0,24.8,0.349,0.059,209.6,685,
w-cn-anshan,Anshan,China,world,,41.12361,122.99,,1450000,Asia,,,23.5,43.8,57.1,573.5,285,195.6,3.116,0.38,0.588,0.953,217.0,33.8,0.392,0.121,207.4,1031,
w-ir-karaj,Karaj,Iran,world,,35.83266,50.99155,,1448075,Asia,,,3.5,60.9,173.0,733.7,412,78.2,3.452,0.116,0.364,0.974,200.0,141.7,0.165,0.255,511.4,5272,
w-np-kathmandu,Kathmandu,Nepal,world,,27.70169,85.3206,,1442271,Asia,,,14.5,95.2,235.3,745.1,423,102.8,3.488,0.085,0.446,0.911,147.0,134.1,0.113,0.237,444.1,6707,
w-kr-daejeon,Daejeon,South Korea,world,,36.34913,127.38493,,1441203,Asia,,,0.5,58.2,121.2,723.8,402,55.9,3.462,0.108,0.38,0.969,nan,98.6,0.308,0.041,388.8,3885,
w-cn-baoji,Baoji,China,world,,34.36775,107.23705,,1437802,Asia,,,1.5,52.9,69.7,509.7,217,63.7,2.842,0.561,0.838,0.896,250.0,14.6,0.288,0.108,154.0,609,norm_short
w-cn-suqian,Suqian,China,world,,33.94917,118.29583,,1437685,Asia,,,0.5,49.5,55.8,579.2,263,68.6,2.876,0.54,0.733,0.985,312.0,32.8,0.536,0.069,247.4,1223,
w-cn-liuzhou,Liuzhou,China,world,,24.32405,109.40698,,1436599,Asia,,,89.5,84.8,137.3,662.3,341,70.7,3.296,0.245,0.546,0.939,357.0,34.4,0.291,0.118,246.6,1257,
w-in-tirunelveli,Tirunelveli,India,world,,8.72742,77.6838,,1435844,Asia,,,0.5,144.1,198.8,703.7,381,142.8,3.359,0.194,0.434,0.902,333.0,54.1,0.093,0.246,175.3,2245,norm_short
w-tr-konya,Konya,Turkey,world,,37.87135,32.48464,,1433861,Asia,,,30.5,82.9,306.5,783.4,471,79.6,3.574,0.008,0.198,0.95,385.0,178.7,0.186,0.061,553.0,5699,
w-cn-zhangjiagang,Zhangjiagang,China,world,,31.865,120.53889,,1432044,Asia,,,18.5,88.0,121.8,663.3,349,195.2,3.153,0.353,0.555,0.976,172.0,21.2,0.603,0.029,207.5,1009,
w-in-agra,Agra,India,world,,27.18333,78.01667,,1430055,Asia,,,2.5,117.8,249.1,748.8,429,119.3,3.438,0.128,0.35,0.906,294.0,104.0,0.108,0.228,344.8,5481,
w-id-south-tangerang,South Tangerang,Indonesia,world,,-6.28862,106.71789,,1429529,Asia,,,89.5,61.8,257.7,751.5,429,62.5,3.377,0.179,0.459,0.94,294.0,223.8,0.119,0.298,602.5,15061,
w-ir-tabriz,Tabriz,Iran,world,,38.08,46.2919,,1424641,Asia,,,2.5,86.5,294.6,768.4,452,85.5,3.489,0.084,0.312,0.955,nan,164.1,0.142,0.308,506.5,6990,
w-ua-kharkiv,Kharkiv,Ukraine,world,,49.98177,36.25475,,1421125,Europe,,,13.5,195.9,272.8,765.3,453,208.0,3.549,0.031,0.253,0.978,333.0,36.8,0.267,0.149,221.4,2249,
w-cn-jinjiang,Jinjiang,China,world,,24.81978,118.57415,,1416151,Asia,,,89.5,215.6,254.6,750.1,438,217.0,3.512,0.064,0.285,0.961,294.0,15.8,0.38,0.12,164.9,591,norm_short
w-in-faridabad,Faridabad,India,world,,28.41124,77.31316,,1414050,Asia,,,85.5,43.3,105.2,652.7,317,62.9,3.013,0.452,0.723,0.951,nan,160.1,0.13,0.143,529.3,5363,
w-cn-bozhou,Bozhou,China,world,,33.87722,115.77028,,1409436,Asia,,,0.5,72.7,85.1,568.9,252,56.6,2.715,0.634,0.815,0.995,294.0,13.6,0.569,0.069,155.7,306,norm_short
w-cn-qujing,Qujing,China,world,,25.48333,103.78333,,1408500,Asia,,,0.5,118.7,144.3,680.0,368,120.8,3.332,0.216,0.36,0.942,nan,18.5,0.366,0.08,170.6,585,norm_short
w-us-san-diego,San Diego,United States,world,,32.71571,-117.16472,,1404452,North America,,,89.5,29.6,97.3,655.9,331,37.2,3.263,0.27,0.52,0.976,116.0,57.1,0.548,0.146,319.4,4984,
w-kr-gwangju,Gwangju,South Korea,world,,35.15472,126.91556,,1401235,Asia,,,2.5,113.0,292.5,755.7,443,113.2,3.499,0.076,0.238,0.964,333.0,99.4,0.354,0.053,384.7,3640,
w-cn-zhanjiang,Zhanjiang,China,world,,21.23391,110.38749,,1400709,Asia,,,69.5,116.0,117.8,686.8,364,248.1,3.417,0.146,0.513,0.944,263.0,21.3,0.261,0.101,184.8,794,norm_short
w-cn-fushun,Fushun,China,world,,41.88669,123.94363,,1400646,Asia,,,87.5,27.9,37.0,414.7,170,87.9,3.017,0.449,0.785,0.973,77.0,11.8,0.493,0.057,135.4,768,norm_short
w-in-rajkot,Rajkot,India,world,,22.29161,70.79322,,1390640,Asia,,,86.5,49.1,241.4,747.9,424,50.6,3.329,0.218,0.451,0.942,147.0,295.1,0.281,0.142,690.4,9549,
w-cn-luoyang,Luoyang,China,world,,34.67345,112.43684,,1390581,Asia,,,65.5,33.3,57.7,614.8,292,95.4,3.138,0.364,0.548,0.969,312.0,36.6,0.448,0.061,301.6,1980,
w-cn-guankou,Guankou,China,world,,28.15861,113.62709,,1380000,Asia,,,19.5,71.1,102.4,671.2,352,184.4,3.421,0.143,0.496,0.881,294.0,43.9,0.352,0.03,219.1,724,
w-vn-hue,Hue,Vietnam,world,,16.4619,107.59546,,1380000,Asia,,,53.5,113.5,264.2,758.9,446,96.3,3.494,0.08,0.255,0.939,94.0,85.2,0.215,0.14,349.4,3159,
w-it-milan,Milan,Italy,world,,45.46427,9.18951,,1371498,Europe,,,89.5,75.4,273.8,759.8,444,81.3,3.491,0.082,0.321,0.99,294.0,155.4,0.335,0.057,496.0,14418,
w-in-najafgarh,Najafgarh,India,world,,28.60922,76.97982,,1365000,Asia,,,0.5,41.9,107.7,647.8,308,44.6,2.992,0.466,0.722,0.945,385.0,209.6,0.245,0.222,529.7,5252,
w-td-n-djamena,N'Djamena,Chad,world,,12.10672,15.0444,,1359526,Africa,,,89.5,53.3,110.4,701.9,376,67.6,3.393,0.166,0.457,0.98,65.0,82.8,0.388,0.026,317.7,2227,
w-cn-handan,Handan,China,world,,36.60999,114.48764,,1358318,Asia,,,4.5,17.3,20.3,381.7,120,132.1,2.267,0.839,0.924,0.985,nan,14.5,0.554,0.057,161.4,388,norm_short
w-pk-bannu,Bannu,Pakistan,world,,32.98527,70.60403,,1357890,Asia,,,46.5,188.3,238.7,727.3,409,192.1,3.432,0.133,0.192,0.922,385.0,17.4,0.188,0.19,126.0,417,norm_short
w-cn-yichang,Yichang,China,world,,30.71444,111.28472,,1350150,Asia,,,88.5,137.0,214.7,705.9,399,136.1,3.551,0.03,0.315,0.911,nan,29.2,0.322,0.114,223.0,917,
w-mg-antananarivo,Antananarivo,Madagascar,world,,-18.91368,47.53613,,1349501,Africa,,,4.5,214.9,298.8,770.8,457,213.1,3.559,0.023,0.223,0.878,312.0,41.8,0.135,0.259,224.3,2192,
w-cn-heze,Heze,China,world,,35.23929,115.47358,,1346717,Asia,,,6.5,58.6,74.1,554.6,238,121.6,2.765,0.606,0.81,0.98,385.0,16.0,0.546,0.059,188.1,547,norm_short
w-in-jamshedpur,Jamshedpur,India,world,,22.80278,86.18545,,1339438,Asia,,,89.5,83.8,153.0,703.3,387,82.9,3.415,0.147,0.379,0.915,nan,101.8,0.128,0.118,336.7,4418,
w-cm-douala,Douala,Cameroon,world,,4.04827,9.70428,,1338082,Africa,,,13.5,129.0,273.5,757.4,444,120.0,3.538,0.041,0.219,0.97,385.0,85.9,0.248,0.12,339.0,2925,
w-tr-antalya,Antalya,Turkey,world,,36.90812,30.69556,,1335002,Asia,,,89.5,59.6,233.4,754.5,434,59.4,3.436,0.13,0.403,0.972,nan,206.5,0.231,0.028,613.7,5207,
w-us-dallas,Dallas,United States,world,,32.78306,-96.80667,,1326087,North America,,,45.5,67.6,187.6,733.6,414,103.2,3.345,0.205,0.371,0.984,111.0,80.4,0.34,0.049,418.6,6362,
w-jp-saitama,Saitama,Japan,world,,35.90807,139.65657,,1324854,Asia,,,70.5,79.6,276.0,762.9,444,82.9,3.417,0.146,0.339,0.91,357.0,175.6,0.183,0.122,511.8,7247,
w-in-gorakhpur,Gorakhpur,India,world,,29.44768,75.67206,,1324570,Asia,,,0.5,91.7,91.7,619.6,323,90.9,3.351,0.201,0.589,0.867,67.0,2.0,0.061,0.319,45.7,150,norm_short
w-ne-niamey,Niamey,Niger,world,,13.51366,2.1098,,1323691,Africa,,,49.5,54.8,91.6,704.1,386,127.6,3.341,0.208,0.377,0.975,nan,87.8,0.306,0.032,330.3,3050,
w-cn-liupanshui,Liupanshui,China,world,,26.59444,104.83333,,1320825,Asia,,,19.5,146.4,174.7,705.3,385,241.6,3.39,0.169,0.429,0.891,128.0,15.2,0.357,0.124,157.7,541,norm_short
w-cn-maoming,Maoming,China,world,,21.66625,110.91364,,1307802,Asia,,,0.5,49.6,69.8,617.7,287,26.4,3.175,0.338,0.669,0.954,227.0,59.1,0.223,0.07,287.4,1600,
w-ca-calgary,Calgary,Canada,world,,51.05011,-114.08529,,1306784,North America,,,0.5,45.9,87.7,580.9,235,28.0,2.997,0.463,0.787,0.977,161.0,70.1,0.41,0.083,371.5,4229,
w-ly-tripoli,Tripoli,Libya,world,,32.88743,13.18733,,1302947,Africa,,,89.5,61.6,202.8,665.0,382,61.5,3.521,0.056,0.347,0.955,227.0,172.1,0.19,0.054,454.4,4608,
w-sa-madinah,Madinah,Saudi Arabia,world,,24.46861,39.61417,,1300000,Asia,,,89.5,59.9,257.4,756.6,439,59.0,3.5,0.075,0.336,0.939,119.0,211.4,0.132,0.044,582.0,5747,
w-cm-yaounde,Yaounde,Cameroon,world,,3.86667,11.51667,,1299369,Africa,,,41.5,150.2,297.5,775.5,462,160.5,3.579,0.004,0.24,0.907,263.0,87.7,0.134,0.209,340.3,3996,
w-id-batam,Batam,Indonesia,world,,1.14937,104.02491,,1296960,Asia,,,89.5,65.4,178.3,734.9,414,65.8,3.516,0.06,0.418,0.937,179.0,174.8,0.168,0.105,503.8,5190,
w-cn-qinzhou,Qinzhou,China,world,,21.98247,108.65061,,1296300,Asia,,,0.5,45.5,76.2,646.9,315,46.4,3.261,0.272,0.563,0.946,nan,26.8,0.308,0.179,189.0,1033,norm_short
w-cn-luohe,Luohe,China,world,,33.57424,114.03261,,1294974,Asia,,,0.5,56.2,103.5,615.3,273,52.3,2.753,0.613,0.812,0.913,200.0,75.7,0.301,0.194,364.7,2489,
w-cn-xiangyang,Xiangyang,China,world,,32.0422,112.14479,,1294733,Asia,,,85.5,97.4,215.1,729.5,417,158.2,3.424,0.14,0.289,0.94,294.0,54.9,0.436,0.054,287.4,1684,
w-cn-yangjiang,Yangjiang,China,world,,21.85563,111.96272,,1292987,Asia,,,88.5,119.5,176.3,707.0,384,119.7,3.333,0.215,0.482,0.952,238.0,39.7,0.31,0.098,231.2,1028,
w-cn-yixing,Yixing,China,world,,31.36059,119.82016,,1285785,Asia,,,4.5,144.1,159.2,703.2,392,204.4,3.281,0.257,0.346,0.967,333.0,19.3,0.378,0.127,148.3,1076,norm_short
w-rs-belgrade,Belgrade,Serbia,world,,44.80401,20.46513,,1273651,Europe,,,32.5,105.1,250.6,750.0,432,128.4,3.518,0.059,0.347,0.983,357.0,84.9,0.285,0.091,365.3,5938,
w-uy-montevideo,Montevideo,Uruguay,world,,-34.90328,-56.18816,,1270737,South America,,,84.5,37.4,73.9,602.1,297,94.3,3.271,0.265,0.536,0.993,102.0,75.0,0.643,0.015,312.3,2929,
w-ru-nizhniy-novgorod,Nizhniy Novgorod,Russia,world,,56.32867,44.00205,,1259013,Europe,,,61.5,129.8,149.2,629.6,357,177.5,3.523,0.054,0.295,0.958,nan,22.4,0.264,0.159,133.2,1875,norm_short
w-mz-maputo,Maputo,Mozambique,world,,-25.96553,32.58322,,1254837,Africa,,,32.5,46.8,96.2,565.6,277,141.9,3.386,0.172,0.62,0.971,156.0,80.6,0.271,0.128,298.7,3196,
w-cd-kananga,Kananga,Democratic Republic of the Congo,world,,-5.89624,22.41659,,1247168,Africa,,,89.5,181.5,275.2,759.6,444,179.1,3.537,0.042,0.237,0.962,385.0,52.7,0.181,0.171,241.3,2032,
w-ru-kazan,Kazan,Russia,world,,55.78874,49.12214,,1243500,Europe,,,0.5,218.1,283.3,741.7,431,216.5,3.511,0.065,0.23,0.962,278.0,24.5,0.333,0.118,179.3,2236,norm_short
w-ve-barquisimeto,Barquisimeto,Venezuela,world,,10.0647,-69.35703,,1240714,South America,,,85.5,71.5,143.5,727.9,408,106.3,3.178,0.335,0.438,0.961,109.0,96.3,0.397,0.106,381.4,2619,
w-ht-port-au-prince,Port-au-Prince,Haiti,world,,18.54349,-72.33881,,1234742,North America,,,13.5,91.6,146.0,697.3,378,149.9,3.442,0.125,0.508,0.929,109.0,71.3,0.171,0.173,302.9,2479,
w-ke-mombasa,Mombasa,Kenya,world,,-4.05466,39.66359,,1208333,Africa,,,0.5,118.7,176.8,694.5,385,118.0,3.532,0.047,0.345,0.938,217.0,60.3,0.112,0.147,211.6,1812,
w-co-barranquilla,Barranquilla,Colombia,world,,10.96854,-74.78132,,1206319,South America,,,22.5,76.4,181.3,742.1,421,84.2,3.451,0.117,0.43,0.99,77.0,113.8,0.505,0.06,459.9,4077,
w-ru-chelyabinsk,Chelyabinsk,Russia,world,,55.1611,61.42877,,1202371,Europe,,,87.5,77.1,120.9,694.2,372,146.3,3.371,0.184,0.454,0.983,263.0,27.2,0.392,0.118,204.4,2052,
w-mx-merida,Merida,Mexico,world,,20.967,-89.62318,,1201000,North America,,,6.5,81.4,156.5,695.9,365,109.1,3.315,0.23,0.645,0.995,143.0,94.7,0.509,0.078,427.0,4136,
w-do-santiago-de-los-caballeros,Santiago de los Caballeros,Dominican Republic,world,,19.45036,-70.69085,,1200000,North America,,,7.5,83.8,241.5,752.0,432,98.4,3.473,0.098,0.376,0.961,62.0,131.8,0.252,0.145,455.4,4872,
w-mz-matola,Matola,Mozambique,world,,-25.96222,32.45889,,1198988,Africa,,,61.5,79.1,139.5,676.6,352,149.7,3.36,0.193,0.57,0.958,nan,52.2,0.173,0.129,232.5,1810,
w-pe-arequipa,Arequipa,Peru,world,,-16.39899,-71.53747,,1195700,South America,,,52.5,98.4,292.4,763.3,447,116.6,3.547,0.033,0.271,0.975,333.0,129.1,0.273,0.084,451.0,6604,
w-mr-nouakchott,Nouakchott,Mauritania,world,,18.08581,-15.9785,,1184530,Africa,,,56.5,59.3,153.7,751.9,437,89.0,3.421,0.143,0.301,0.975,69.0,185.1,0.221,0.016,495.4,6287,
w-cd-kisangani,Kisangani,Democratic Republic of the Congo,world,,0.51528,25.19099,,1181788,Africa,,,84.5,114.2,178.0,734.0,413,138.1,3.355,0.197,0.454,0.961,nan,58.9,0.238,0.167,283.4,2550,
w-ru-omsk,Omsk,Russia,world,,54.99244,73.36859,,1172070,Europe,,,84.5,105.5,126.4,712.5,396,124.5,3.271,0.264,0.464,0.987,114.0,37.8,0.335,0.176,230.2,2384,
w-sn-pikine,Pikine,Senegal,world,,14.76457,-17.39071,,1170791,Africa,,,36.5,44.4,179.7,739.9,419,62.9,3.5,0.075,0.377,0.978,125.0,271.5,0.229,0.044,616.2,6786,
w-ru-samara,Samara,Russia,world,,53.20767,50.13553,,1163399,Europe,,,53.5,66.9,74.5,517.1,274,283.0,3.326,0.22,0.549,0.979,128.0,19.8,0.376,0.132,155.1,1587,norm_short
w-ng-aba,Aba,Nigeria,world,,5.10658,7.36667,,1160000,Africa,,,5.5,66.5,117.5,757.7,442,120.9,3.559,0.022,0.309,0.954,83.0,107.2,0.168,0.16,417.7,4019,
w-gb-birmingham,Birmingham,United Kingdom,world,,52.48142,-1.89983,,1157603,Europe,,,28.5,110.7,279.4,767.5,451,122.4,3.567,0.015,0.273,0.959,357.0,114.3,0.156,0.253,404.0,6548,
w-dk-copenhagen,Copenhagen,Denmark,world,,55.67594,12.56553,,1153615,Europe,,,24.5,117.5,251.3,746.4,430,146.2,3.57,0.012,0.296,0.975,357.0,95.3,0.317,0.11,357.0,6416,
w-bg-sofia,Sofia,Bulgaria,world,,42.69751,23.32415,,1152556,Europe,,,12.5,72.9,202.4,749.7,433,110.6,3.534,0.045,0.347,0.993,78.0,96.6,0.402,0.075,404.1,8616,
w-mx-monterrey,Monterrey,Mexico,world,,25.68435,-100.31721,,1135512,North America,,,6.5,37.6,83.3,616.3,278,68.6,3.039,0.434,0.794,0.991,96.0,123.2,0.523,0.044,514.0,4458,
w-rw-kigali,Kigali,Rwanda,world,,-1.94995,30.05885,,1132686,Africa,,,21.5,166.5,241.4,761.6,446,182.6,3.574,0.009,0.276,0.904,98.0,46.0,0.167,0.218,250.4,2281,
w-ru-rostov-on-don,Rostov-on-Don,Russia,world,,47.21997,39.70769,,1130305,Europe,,,73.5,49.2,87.0,622.2,302,168.8,3.255,0.277,0.595,0.969,227.0,47.3,0.349,0.086,275.7,2245,
w-sn-touba,Touba,Senegal,world,,14.86229,-15.87532,,1120824,Africa,,,71.5,35.0,78.0,619.6,275,68.5,2.783,0.596,0.801,0.985,61.0,211.1,0.313,0.009,618.4,5391,
w-ru-ufa,Ufa,Russia,world,,54.74306,55.96779,,1120547,Europe,,,15.5,71.6,112.2,705.3,383,259.0,3.38,0.177,0.467,0.966,200.0,21.9,0.292,0.173,167.9,1409,norm_short
w-mw-lilongwe,Lilongwe,Malawi,world,,-13.96692,33.78725,,1115815,Africa,,,29.5,183.4,253.8,739.9,421,252.7,3.544,0.036,0.314,0.846,357.0,28.0,0.074,0.134,184.1,1488,norm_short
w-ng-maiduguri,Maiduguri,Nigeria,world,,11.84692,13.15712,,1110000,Africa,,,67.5,108.2,240.4,743.4,421,137.7,3.382,0.175,0.422,0.965,81.0,82.3,0.263,0.08,355.7,2622,
w-tz-mwanza,Mwanza,Tanzania,world,,-2.51667,32.9,,1104521,Africa,,,17.5,186.1,204.6,702.7,394,211.7,3.545,0.035,0.325,0.891,357.0,30.9,0.06,0.24,155.4,1285,norm_short
w-ru-krasnoyarsk,Krasnoyarsk,Russia,world,,56.03742,92.93136,,1090811,Europe,,,47.5,56.4,56.8,543.3,280,215.5,3.24,0.288,0.571,0.974,263.0,10.7,0.209,0.092,99.0,1348,norm_short
w-no-oslo,Oslo,Norway,world,,59.91273,10.74609,,1082575,Europe,,,25.5,93.5,220.6,704.0,394,117.3,3.56,0.022,0.273,0.967,294.0,89.6,0.331,0.119,329.2,5578,
w-ng-ilorin,Ilorin,Nigeria,world,,8.49664,4.54214,,1080000,Africa,,,8.5,139.5,268.1,752.5,433,148.4,3.431,0.134,0.379,0.928,312.0,75.0,0.086,0.2,332.9,3034,
w-pe-trujillo,Trujillo,Peru,world,,-8.11599,-79.02998,,1067700,South America,,,40.5,57.5,166.3,701.4,374,110.1,3.339,0.21,0.513,0.988,132.0,157.7,0.323,0.06,497.5,5685,
w-za-gqeberha,Gqeberha,South Africa,world,,-33.96109,25.61494,,1050078,Africa,,,65.5,94.4,166.2,636.9,354,176.0,3.501,0.074,0.335,0.953,172.0,54.2,0.274,0.087,241.0,2370,
w-ru-voronezh,Voronezh,Russia,world,,51.66833,39.19204,,1047549,Europe,,,85.5,187.7,276.7,775.5,464,219.5,3.499,0.076,0.17,0.972,nan,37.0,0.295,0.129,223.5,1953,
w-ng-sokoto,Sokoto,Nigeria,world,,13.06269,5.24322,,1040000,Africa,,,0.5,89.6,235.7,732.5,412,88.8,3.441,0.126,0.368,0.935,77.0,120.7,0.116,0.124,395.8,4246,
w-ng-jos,Jos,Nigeria,world,,9.92849,8.89212,,1040000,Africa,,,8.5,103.5,216.8,752.0,434,116.1,3.502,0.073,0.362,0.909,357.0,97.6,0.144,0.265,370.7,3095,
w-ma-tangier,Tangier,Morocco,world,,35.76727,-5.79975,,1035141,Africa,,,1.5,60.7,222.9,730.1,416,60.0,3.577,0.006,0.244,0.957,333.0,218.2,0.16,0.072,501.7,6978,
w-mx-mexicali,Mexicali,Mexico,world,,32.62781,-115.45446,,1032686,North America,,,89.5,48.5,106.6,670.7,341,49.0,2.93,0.506,0.625,0.993,192.0,118.3,0.37,0.071,500.3,4204,
w-cg-pointe-noire,Pointe-Noire,Republic of the Congo,world,,-4.77609,11.86352,,1032000,Africa,,,47.5,84.6,180.4,721.9,409,87.3,3.457,0.112,0.344,0.989,208.0,124.3,0.337,0.127,402.3,3313,
w-br-maceio,Maceio,Brazil,world,,-9.66583,-35.73528,,1031597,South America,,,0.5,92.0,192.6,656.8,372,91.9,3.423,0.141,0.32,0.975,357.0,76.5,0.249,0.117,282.4,2888,
w-br-campinas,Campinas,Brazil,world,,-22.90556,-47.06083,,1031554,South America,,,34.5,88.9,296.7,775.5,462,97.8,3.557,0.024,0.263,0.968,nan,144.3,0.326,0.034,517.8,6265,
w-de-koeln,Koeln,Germany,world,,50.93333,6.95,,1024621,Europe,,,33.5,120.6,289.5,775.2,463,102.5,3.556,0.025,0.215,0.983,125.0,105.3,0.27,0.082,371.7,8718,
w-ie-dublin,Dublin,Ireland,world,,53.33306,-6.24889,,1024027,Europe,,,6.5,108.2,252.4,759.4,443,118.2,3.56,0.022,0.29,0.957,179.0,103.8,0.155,0.252,371.7,7411,
w-be-brussels,Brussels,Belgium,world,,50.85045,4.34878,,1019022,Europe,,,18.5,64.6,242.7,758.5,441,81.2,3.558,0.023,0.304,0.984,nan,198.9,0.336,0.106,562.6,11839,
w-ca-ottawa,Ottawa,Canada,world,,45.41117,-75.69812,,1017449,North America,,,59.5,36.7,89.8,650.1,313,144.2,3.258,0.275,0.7,0.986,83.0,68.9,0.416,0.103,361.5,5604,
w-ru-volgograd,Volgograd,Russia,world,,48.71378,44.4976,,1013533,Europe,,,47.5,76.3,112.9,629.8,319,241.4,3.227,0.298,0.627,0.973,114.0,43.2,0.366,0.166,256.6,1720,
w-ca-edmonton,Edmonton,Canada,world,,53.55014,-113.46871,,1010899,North America,,,0.5,56.1,86.1,651.6,320,30.5,3.007,0.456,0.604,0.985,116.0,53.0,0.43,0.07,303.8,3956,
w-ua-odesa,Odesa,Ukraine,world,,46.48572,30.74383,,1010537,Europe,,,6.5,59.3,76.1,513.7,261,148.3,3.366,0.188,0.536,0.983,156.0,22.6,0.365,0.072,143.3,1283,norm_short
w-us-jacksonville,Jacksonville,United States,world,,30.33218,-81.65565,,1009833,North America,,,89.5,59.4,89.7,652.5,327,69.6,3.205,0.315,0.556,0.984,78.0,62.2,0.426,0.101,350.3,3422,
w-us-fort-worth,Fort Worth,United States,world,,32.72541,-97.32085,,1008106,North America,,,0.5,30.6,55.2,507.0,179,27.9,2.913,0.517,0.835,0.988,98.0,68.0,0.419,0.071,383.5,3533,
w-us-san-jose,San Jose,United States,world,,37.33939,-121.89496,,997368,North America,,,59.5,34.2,92.4,629.4,312,139.8,3.135,0.367,0.575,0.986,109.0,60.0,0.438,0.105,361.8,5724,
w-gt-guatemala-city,Guatemala City,Guatemala,world,,14.64072,-90.51327,,994938,North America,,,8.5,50.9,106.6,668.8,339,92.2,3.365,0.189,0.592,0.982,122.0,134.0,0.427,0.137,448.8,5881,
w-ru-perm,Perm,Russia,world,,58.01046,56.25017,,982419,Europe,,,62.5,80.3,89.4,613.6,313,211.4,3.348,0.203,0.623,0.976,238.0,26.1,0.367,0.173,180.5,1846,norm_short
w-ng-zaria,Zaria,Nigeria,world,,11.11128,7.7227,,980000,Africa,,,83.5,169.4,320.4,772.1,460,171.3,3.577,0.005,0.185,0.94,385.0,71.9,0.119,0.175,292.5,2982,
w-ve-ciudad-guayana,Ciudad Guayana,Venezuela,world,,8.35122,-62.64102,,978202,South America,,,74.5,60.2,164.8,745.6,428,107.4,3.539,0.04,0.349,0.98,85.0,112.1,0.342,0.08,448.8,3426,
w-us-austin,Austin,United States,world,,30.26715,-97.74306,,974447,North America,,,28.5,112.6,199.9,727.5,404,139.4,3.161,0.347,0.401,0.986,106.0,74.8,0.389,0.064,359.8,4585,
w-ni-managua,Managua,Nicaragua,world,,12.13282,-86.2504,,973087,North America,,,4.5,70.8,202.7,716.2,391,82.7,3.195,0.322,0.56,0.982,98.0,134.8,0.29,0.082,475.9,6113,
w-ua-dnipro,Dnipro,Ukraine,world,,48.46664,35.04066,,968502,Europe,,,19.5,80.6,130.3,649.3,352,264.1,3.299,0.242,0.406,0.97,263.0,28.0,0.335,0.131,193.7,1685,norm_short
w-ng-enugu,Enugu,Nigeria,world,,6.44132,7.49883,,950000,Africa,,,35.5,132.1,233.3,762.7,447,158.7,3.565,0.017,0.267,0.924,227.0,85.4,0.17,0.234,340.9,3636,
w-ar-rosario,Rosario,Argentina,world,,-32.94682,-60.63932,,948312,South America,,,11.5,22.0,37.5,432.3,108,123.2,2.12,0.889,0.874,0.997,132.0,46.0,0.72,0.018,249.8,2702,
w-jm-kingston,Kingston,Jamaica,world,,17.99702,-76.79358,,937700,North America,,,4.5,131.6,229.3,756.0,441,155.6,3.476,0.096,0.335,0.942,nan,73.5,0.173,0.202,320.2,3096,
w-mx-chihuahua,Chihuahua,Mexico,world,,28.63528,-106.08889,,925762,North America,,,32.5,47.7,168.2,731.9,413,87.9,3.37,0.185,0.357,0.982,60.0,157.5,0.436,0.082,561.1,4613,
w-br-sao-luis,Sao Luis,Brazil,world,,-2.52972,-44.30278,,917237,South America,,,8.5,93.2,148.6,673.1,369,93.3,3.509,0.067,0.425,0.965,385.0,73.1,0.248,0.105,260.8,3208,
w-co-cartagena,Cartagena,Colombia,world,,10.39817,-75.49328,,914552,South America,,,11.5,64.5,166.7,703.4,392,83.9,3.483,0.09,0.458,0.987,88.0,161.9,0.241,0.116,484.2,5623,
w-us-columbus,Columbus,United States,world,,39.96118,-82.99879,,913175,North America,,,3.5,56.2,117.1,664.4,338,96.5,2.753,0.613,0.47,0.99,116.0,57.6,0.415,0.075,370.0,4497,
w-us-charlotte,Charlotte,United States,world,,35.22709,-80.84313,,911311,North America,,,46.5,87.6,199.5,723.6,402,160.2,3.438,0.128,0.468,0.958,65.0,65.8,0.394,0.124,368.6,4073,
w-ng-warri,Warri,Nigeria,world,,5.51737,5.75006,,910000,Africa,,,11.5,131.3,177.0,642.8,384,159.3,3.556,0.024,0.305,0.941,70.0,41.0,0.073,0.231,197.8,1466,norm_short
w-it-naples,Naples,Italy,world,,40.85216,14.26811,,909048,Europe,,,82.5,82.6,164.6,711.5,401,118.8,3.518,0.059,0.296,0.925,357.0,81.4,0.223,0.216,322.1,4246,
w-br-campo-grande,Campo Grande,Brazil,world,,-20.44278,-54.64639,,906092,South America,,,28.5,66.1,137.8,698.3,375,106.2,3.393,0.166,0.472,0.993,79.0,98.7,0.424,0.034,389.1,2903,
w-bf-bobo-dioulasso,Bobo-Dioulasso,Burkina Faso,world,,11.18064,-4.29489,,904920,Africa,,,7.5,54.5,99.2,686.3,361,114.6,3.333,0.215,0.488,0.988,122.0,89.2,0.47,0.05,391.1,2196,
w-mw-blantyre,Blantyre,Malawi,world,,-15.78499,35.00854,,902588,Africa,,,0.5,202.6,253.3,754.6,439,205.9,3.558,0.023,0.332,0.903,nan,32.9,0.073,0.275,196.6,1952,norm_short
w-ua-donetsk,Donetsk,Ukraine,world,,48.023,37.80224,,901645,Europe,,,89.5,63.4,88.5,656.6,334,68.0,3.242,0.286,0.574,0.965,93.0,30.8,0.355,0.131,206.0,1544,
w-ru-krasnodar,Krasnodar,Russia,world,,45.04534,38.98178,,899541,Europe,,,12.5,50.0,76.5,641.1,322,159.6,3.131,0.37,0.576,0.987,172.0,43.7,0.434,0.1,263.4,3576,
w-br-natal,Natal,Brazil,world,,-5.795,-35.20944,,896708,South America,,,20.5,42.9,113.9,687.7,357,126.3,3.171,0.34,0.534,0.989,nan,118.9,0.256,0.071,348.6,4202,
w-mx-cancun,Cancun,Mexico,world,,21.17429,-86.84656,,888797,North America,,,62.5,26.0,64.9,594.2,271,73.0,2.849,0.557,0.693,0.986,132.0,182.3,0.382,0.055,616.0,5495,
w-us-indianapolis,Indianapolis,United States,world,,39.76838,-86.15804,,887642,North America,,,89.5,49.9,88.9,597.1,250,50.2,2.769,0.604,0.782,0.991,100.0,61.4,0.358,0.108,349.5,4117,
w-ao-mulenvos,Mulenvos,Angola,world,,-8.86695,13.3344,,882014,Africa,,,84.5,54.5,105.1,687.2,359,80.5,3.166,0.344,0.635,0.973,104.0,153.8,0.114,0.197,469.2,5011,
w-fr-marseille,Marseille,France,world,,43.29695,5.38107,,877215,Europe,,,67.5,74.1,209.1,741.5,422,76.3,3.536,0.043,0.304,0.962,357.0,138.6,0.303,0.137,469.2,6527,
w-za-soshanguve,Soshanguve,South Africa,world,,-25.47288,28.09919,,872309,Africa,,,76.5,129.4,230.3,747.1,427,145.9,3.417,0.146,0.394,0.764,385.0,66.6,0.119,0.082,347.3,2695,
w-br-teresina,Teresina,Brazil,world,,-5.08917,-42.80194,,871126,South America,,,63.5,48.4,129.9,678.3,350,101.8,3.179,0.335,0.562,0.988,96.0,119.7,0.476,0.04,470.7,4005,
w-nl-rotterdam,Rotterdam,The Netherlands,world,,51.9225,4.47917,,868135,Europe,,,71.5,74.1,237.0,750.7,432,88.6,3.545,0.035,0.338,0.973,128.0,134.4,0.337,0.097,485.7,8100,
w-br-duque-de-caxias,Duque de Caxias,Brazil,world,,-22.78556,-43.31167,,866347,South America,,,78.5,112.9,290.3,774.7,461,104.5,3.539,0.04,0.221,0.962,263.0,93.4,0.283,0.11,419.1,3499,
w-hn-tegucigalpa,Tegucigalpa,Honduras,world,,14.0818,-87.20681,,850848,North America,,,4.5,81.4,223.9,755.2,437,96.3,3.53,0.048,0.362,0.927,94.0,119.6,0.194,0.166,448.5,5841,
w-ga-libreville,Libreville,Gabon,world,,0.39241,9.45356,,846090,Africa,,,59.5,165.2,222.6,646.8,389,211.2,3.561,0.02,0.268,0.917,294.0,47.8,0.127,0.19,208.3,2130,
w-ru-saratov,Saratov,Russia,world,,51.54048,45.9901,,844858,Europe,,,20.5,98.1,145.6,703.6,387,226.3,3.476,0.096,0.397,0.974,102.0,46.1,0.28,0.202,242.9,2181,
w-br-nova-iguacu,Nova Iguacu,Brazil,world,,-22.75917,-43.45111,,843046,South America,,,67.5,120.6,273.3,753.5,444,108.1,3.509,0.067,0.156,0.974,217.0,88.4,0.2,0.146,356.8,3966,
w-bo-cochabamba,Cochabamba,Bolivia,world,,-17.38195,-66.15995,,841276,South America,,,3.5,61.2,201.9,728.2,403,73.9,3.397,0.162,0.416,0.988,nan,140.0,0.389,0.047,528.2,9027,
w-br-sao-bernardo-do-campo,Sao Bernardo do Campo,Brazil,world,,-23.69389,-46.565,,840499,South America,,,89.5,81.3,218.2,737.3,416,84.5,3.547,0.033,0.379,0.973,nan,114.0,0.238,0.072,435.4,6389,
w-za-pietermaritzburg,Pietermaritzburg,South Africa,world,,-29.61679,30.39278,,839327,Africa,,,46.5,89.3,154.2,710.6,390,246.5,3.44,0.126,0.439,0.939,167.0,37.9,0.206,0.142,204.0,2505,
w-ci-bouake,Bouake,Ivory Coast,world,,7.69385,-5.03031,,832371,Africa,,,89.5,108.6,231.7,745.0,427,87.4,3.47,0.1,0.352,0.975,61.0,79.2,0.249,0.077,332.2,2777,
w-es-valencia,Valencia,Spain,world,,39.47391,-0.37966,,824340,Europe,,,61.5,54.6,214.2,762.1,446,73.7,3.494,0.08,0.249,0.98,114.0,202.6,0.291,0.111,594.3,8925,
w-br-joao-pessoa,Joao Pessoa,Brazil,world,,-7.115,-34.86306,,817511,South America,,,89.5,63.7,127.1,735.5,417,76.6,3.494,0.08,0.368,0.976,70.0,101.6,0.299,0.086,378.8,3517,
w-cd-bukavu,Bukavu,Democratic Republic of the Congo,world,,-2.49077,28.84281,,816811,Africa,,,36.5,201.4,248.6,703.7,406,199.1,3.538,0.041,0.222,0.822,385.0,35.6,0.097,0.276,176.6,1484,norm_short
w-pl-krakow,Krakow,Poland,world,,50.06143,19.93658,,816614,Europe,,,13.5,151.9,267.2,756.8,442,157.1,3.555,0.026,0.262,0.972,357.0,65.1,0.213,0.198,297.6,6670,
w-ve-barcelona,Barcelona,Venezuela,world,,10.1384,-64.68769,,815141,South America,,,89.5,104.7,183.7,740.7,420,107.0,3.428,0.137,0.37,0.949,385.0,92.5,0.304,0.16,365.2,2116,
w-cf-bangui,Bangui,Central African Republic,world,,4.36122,18.55496,,812407,Africa,,,9.5,67.7,87.4,676.4,358,151.2,3.514,0.063,0.444,0.963,78.0,42.7,0.25,0.129,229.9,1311,
w-mx-hermosillo,Hermosillo,Mexico,world,,29.08874,-110.96677,,812229,North America,,,82.5,45.1,96.8,646.3,312,55.2,2.824,0.572,0.737,0.982,98.0,150.7,0.493,0.054,542.7,3997,
w-mx-culiacan,Culiacan,Mexico,world,,24.80209,-107.39421,,808416,North America,,,86.5,64.8,171.7,738.4,417,85.3,3.474,0.098,0.451,0.967,104.0,129.1,0.427,0.062,494.6,3793,
w-dz-oran,Oran,Algeria,world,,35.69906,-0.63588,,803329,Africa,,,63.5,70.6,149.6,719.4,406,96.1,3.546,0.034,0.292,0.956,nan,128.0,0.291,0.043,401.9,3179,
w-sl-freetown,Freetown,Sierra Leone,world,,8.48714,-13.2356,,802639,Africa,,,20.5,135.8,174.9,604.8,361,132.7,3.57,0.012,0.288,0.931,200.0,44.4,0.187,0.226,177.6,1768,norm_short
w-hn-san-pedro-sula,San Pedro Sula,Honduras,world,,15.50585,-88.02588,,801259,North America,,,6.5,61.4,131.4,664.4,329,90.9,3.164,0.346,0.746,0.985,109.0,113.5,0.514,0.069,468.1,2717,
w-cd-kolwezi,Kolwezi,Democratic Republic of the Congo,world,,-10.71484,25.46674,,790248,Africa,,,89.5,145.3,189.0,687.0,362,140.7,3.507,0.068,0.463,0.95,333.0,35.9,0.216,0.163,198.0,1596,norm_short
w-us-seattle,Seattle,United States,world,,47.60621,-122.33207,,780995,North America,,,0.5,28.1,81.3,581.1,251,28.7,2.932,0.505,0.649,0.993,100.0,91.0,0.43,0.053,390.9,5968,
w-eg-port-said,Port Said,Egypt,world,,31.26531,32.3019,,780515,Africa,,,33.5,34.5,69.2,519.5,266,85.6,3.251,0.28,0.524,0.974,68.0,110.7,0.297,0.028,285.9,2463,
w-co-cucuta,Cucuta,Colombia,world,,7.90745,-72.5049,,777106,South America,,,79.5,55.6,166.9,751.7,432,71.1,3.52,0.057,0.285,0.985,116.0,156.6,0.4,0.087,525.2,5655,
w-mz-nampula,Nampula,Mozambique,world,,-15.11646,39.2666,,770379,Africa,,,25.5,90.0,123.4,726.0,405,182.4,3.467,0.103,0.467,0.943,111.0,60.1,0.208,0.214,268.8,2390,
w-bi-bujumbura,Bujumbura,Burundi,world,,-3.38193,29.36142,,769317,Africa,,,0.5,119.9,156.6,674.9,373,122.0,3.413,0.149,0.431,0.954,278.0,51.8,0.343,0.098,251.4,1410,
w-ru-tyumen,Tyumen,Russia,world,,57.15222,65.52722,,768358,Europe,,,43.5,107.8,181.6,740.4,423,211.8,3.467,0.103,0.369,0.97,79.0,38.9,0.382,0.146,258.9,2192,
w-tz-dodoma,Dodoma,Tanzania,world,,-6.17221,35.73947,,765179,Africa,,,0.5,119.2,236.3,749.6,432,119.9,3.514,0.062,0.389,0.878,nan,90.4,0.13,0.1,346.5,3030,
w-br-sorocaba,Sorocaba,Brazil,world,,-23.50167,-47.45806,,762172,South America,,,64.5,100.9,306.3,777.6,465,106.9,3.56,0.021,0.236,0.978,76.0,137.4,0.334,0.065,472.0,6250,
w-ly-benghazi,Benghazi,Libya,world,,32.11486,20.06859,,757490,Africa,,,42.5,65.6,160.0,581.5,326,99.9,3.456,0.112,0.423,0.956,333.0,115.6,0.288,0.049,329.9,3126,
w-br-uberlandia,Uberlandia,Brazil,world,,-18.91861,-48.27722,,754954,South America,,,34.5,70.9,186.9,762.1,448,93.3,3.425,0.139,0.256,0.989,94.0,134.4,0.47,0.022,514.5,4072,
w-ca-winnipeg,Winnipeg,Canada,world,,49.8844,-97.14704,,749607,North America,,,2.5,49.7,115.6,709.0,387,123.7,3.108,0.386,0.39,0.99,81.0,68.2,0.481,0.065,352.3,3694,
w-mx-morelia,Morelia,Mexico,world,,19.70078,-101.18443,,743275,North America,,,1.5,56.2,187.6,702.7,371,61.0,3.378,0.179,0.573,0.994,102.0,153.9,0.405,0.105,551.0,6959,
w-lv-riga,Riga,Latvia,world,,56.946,24.10589,,742572,Europe,,,43.5,126.7,216.3,738.3,420,184.7,3.556,0.025,0.338,0.979,200.0,48.2,0.281,0.112,256.0,4347,
w-ng-oyo,Oyo,Nigeria,world,,7.85367,3.93235,,736072,Africa,,,32.5,160.7,284.8,768.4,453,199.7,3.543,0.037,0.307,0.959,385.0,62.6,0.067,0.17,292.5,2843,
w-mx-torreon,Torreon,Mexico,world,,25.54389,-103.41898,,735340,North America,,,0.5,26.7,45.6,696.7,371,43.8,3.212,0.309,0.415,0.994,106.0,137.8,0.503,0.067,501.8,5224,
w-ng-abeokuta,Abeokuta,Nigeria,world,,7.15571,3.34509,,735000,Africa,,,3.5,176.1,293.6,763.7,448,179.3,3.571,0.011,0.257,0.925,385.0,48.0,0.075,0.247,265.2,2563,
w-ng-akure,Akure,Nigeria,world,,7.25256,5.19312,,730000,Africa,,,4.5,148.2,306.6,770.1,455,154.9,3.543,0.036,0.304,0.926,nan,75.2,0.092,0.148,330.5,3053,
w-us-denver,Denver,United States,world,,39.73915,-104.9847,,729019,North America,,,0.5,37.1,72.4,590.9,265,20.7,2.848,0.557,0.647,0.991,109.0,70.4,0.651,0.053,391.8,5844,
w-br-osasco,Osasco,Brazil,world,,-23.5325,-46.79167,,728615,South America,,,23.5,84.4,224.5,752.0,434,103.4,3.547,0.033,0.307,0.955,116.0,113.9,0.193,0.063,445.1,5316,
w-ao-kikolo,Kikolo,Angola,world,,-8.7815,13.33384,,728205,Africa,,,72.5,100.5,189.5,693.9,382,129.4,3.406,0.155,0.482,0.953,278.0,76.5,0.097,0.158,275.0,2720,
w-br-sao-jose-dos-campos,Sao Jose dos Campos,Brazil,world,,-23.17944,-45.88694,,727078,South America,,,61.5,115.9,214.3,713.6,396,145.9,3.555,0.026,0.21,0.958,nan,67.4,0.227,0.088,259.0,2907,
w-za-evaton,Evaton,South Africa,world,,-26.53333,27.85,,725468,Africa,,,78.5,76.0,86.4,679.4,357,170.7,3.443,0.124,0.52,0.941,227.0,43.6,0.158,0.092,260.3,2708,
w-mx-san-luis-potosi,San Luis Potosi,Mexico,world,,22.15234,-100.97135,,722772,North America,,,35.5,81.9,369.3,797.3,489,58.9,3.423,0.141,0.094,0.983,312.0,185.0,0.344,0.131,609.4,7299,
w-mx-aguascalientes,Aguascalientes,Mexico,world,,21.88262,-102.2843,,722250,North America,,,73.5,54.4,168.5,743.1,421,66.5,3.433,0.132,0.421,0.989,114.0,169.4,0.338,0.097,571.1,6727,
w-ca-mississauga,Mississauga,Canada,world,,43.5789,-79.6583,,717961,North America,,,39.5,92.4,146.3,663.9,334,240.9,3.081,0.405,0.686,0.863,200.0,40.9,0.259,0.157,270.5,3957,
w-ua-lviv,Lviv,Ukraine,world,,49.83826,24.02324,,717273,Europe,,,9.5,182.3,269.8,764.7,449,187.0,3.551,0.029,0.237,0.952,278.0,53.3,0.167,0.141,251.8,3449,
w-ua-zaporizhzhya,Zaporizhzhya,Ukraine,world,,47.85167,35.11714,,710052,Europe,,,39.5,51.5,56.3,626.1,312,256.0,3.373,0.183,0.584,0.954,122.0,22.2,0.289,0.146,159.3,970,norm_short
w-tz-zanzibar,Zanzibar,Tanzania,world,,-6.16394,39.19793,,709809,Africa,,,19.5,72.6,130.9,540.6,301,65.1,3.392,0.167,0.24,0.904,357.0,100.0,0.214,0.124,244.9,2506,
w-mx-saltillo,Saltillo,Mexico,world,,25.42595,-100.97963,,709671,North America,,,23.5,61.1,154.2,702.8,376,96.0,3.316,0.229,0.529,0.99,111.0,135.8,0.368,0.084,499.5,5338,
w-ru-tolyatti,Tolyatti,Russia,world,,53.5303,49.3461,,702879,Europe,,,8.5,24.8,32.2,583.5,272,196.2,2.877,0.54,0.546,0.972,161.0,12.4,0.117,0.072,99.2,921,norm_short
w-do-santo-domingo-oeste,Santo Domingo Oeste,Dominican Republic,world,,18.5,-70.0,,701269,North America,,,89.5,109.0,279.3,772.9,459,110.9,3.568,0.014,0.29,0.923,nan,114.9,0.157,0.238,415.3,4920,
w-eg-suez,Suez,Egypt,world,,29.97371,32.52627,,699541,Africa,,,40.5,57.6,226.4,733.7,416,52.9,3.502,0.073,0.317,0.961,217.0,282.0,0.207,0.061,522.6,4977,
w-br-ribeirao-preto,Ribeirao Preto,Brazil,world,,-21.1775,-47.81028,,698642,South America,,,38.5,39.8,91.5,641.8,309,115.1,3.168,0.343,0.635,0.984,102.0,127.6,0.515,0.053,496.0,4874,
w-ma-agadir,Agadir,Morocco,world,,30.42018,-9.59815,,698310,Africa,,,29.5,65.2,144.9,658.5,356,97.5,3.537,0.042,0.316,0.917,385.0,111.8,0.122,0.124,287.5,3847,
w-ba-sarajevo,Sarajevo,Bosnia and Herzegovina,world,,43.84864,18.35644,,696731,Europe,,,75.5,125.2,224.9,741.0,423,151.6,3.546,0.034,0.352,0.901,312.0,65.2,0.116,0.33,293.3,3434,
w-ng-bauchi,Bauchi,Nigeria,world,,10.31032,9.84388,,693700,Africa,,,0.5,147.3,274.8,762.4,446,146.8,3.535,0.043,0.312,0.93,172.0,70.4,0.112,0.171,305.4,2910,
w-us-nashville,Nashville,United States,world,,36.16589,-86.78444,,689447,North America,,,6.5,142.3,242.2,770.2,459,164.6,3.297,0.244,0.203,0.982,111.0,53.3,0.342,0.093,330.0,3525,
w-mz-beira,Beira,Mozambique,world,,-19.84361,34.83889,,687764,Africa,,,33.5,50.9,52.0,442.2,249,121.0,3.244,0.285,0.455,0.963,nan,34.0,0.233,0.098,120.5,894,norm_short
w-es-zaragoza,Zaragoza,Spain,world,,41.65606,-0.87734,,686986,Europe,,,1.5,93.2,264.0,750.1,435,96.1,3.514,0.062,0.247,0.959,357.0,133.4,0.275,0.095,421.1,6872,
w-ng-agege,Agege,Nigeria,world,,6.61563,3.33337,,683600,Africa,,,67.5,131.8,228.7,746.2,426,153.0,3.544,0.035,0.36,0.948,nan,65.5,0.101,0.216,309.6,2909,
w-us-oklahoma-city,Oklahoma City,United States,world,,35.46756,-97.51643,,681054,North America,,,0.5,33.7,62.4,538.4,196,28.1,2.575,0.707,0.821,0.985,119.0,57.1,0.488,0.079,330.9,4363,
w-bj-cotonou,Cotonou,Benin,world,,6.36536,2.41833,,679012,Africa,,,51.5,16.5,27.8,619.2,269,116.4,2.966,0.483,0.701,0.991,67.0,76.2,0.424,0.071,389.8,2036,
w-pl-wroclaw,Wroclaw,Poland,world,,51.10286,17.03006,,672545,Europe,,,14.5,130.7,221.0,731.8,411,157.6,3.483,0.089,0.409,0.979,312.0,60.1,0.285,0.111,279.8,5786,
w-ng-katsina,Katsina,Nigeria,world,,12.99082,7.60177,,670000,Africa,,,82.5,81.7,231.9,741.0,419,81.9,3.426,0.138,0.486,0.953,93.0,180.0,0.129,0.041,480.1,4833,
w-ao-camama,Camama,Angola,world,,-8.93611,13.26518,,667094,Africa,,,89.5,69.6,142.3,609.5,310,64.6,3.356,0.197,0.601,0.976,66.0,93.2,0.216,0.111,326.3,3605,
w-zm-kitwe,Kitwe,Zambia,world,,-12.80243,28.21323,,665961,Africa,,,57.5,127.4,159.3,723.9,408,205.1,3.44,0.126,0.426,0.924,63.0,46.8,0.143,0.094,244.5,1930,
w-zw-bulawayo,Bulawayo,Zimbabwe,world,,-20.15,28.58333,,665952,Africa,,,15.5,43.7,53.7,623.8,309,187.7,3.371,0.184,0.608,0.951,132.0,43.6,0.369,0.042,238.2,1306,
w-br-aracaju,Aracaju,Brazil,world,,-10.91111,-37.07167,,664908,South America,,,0.5,67.9,170.2,722.4,398,64.8,3.387,0.171,0.535,0.984,125.0,128.0,0.328,0.07,463.6,4425,
w-br-joinville,Joinville,Brazil,world,,-26.30444,-48.84556,,664500,South America,,,3.5,105.7,156.9,714.8,395,138.2,3.347,0.204,0.53,0.973,106.0,56.1,0.222,0.252,269.8,3751,
w-hr-zagreb,Zagreb,Croatia,world,,45.81444,15.97798,,663592,Europe,,,86.5,89.6,194.6,714.9,388,103.3,3.395,0.165,0.51,0.953,294.0,71.3,0.189,0.189,342.5,5113,
w-ca-vancouver,Vancouver,Canada,world,,49.24966,-123.11934,,662248,North America,,,1.5,20.2,48.1,490.9,154,61.5,2.337,0.813,0.844,0.993,98.0,81.0,0.431,0.055,367.7,5202,
w-fi-helsinki,Helsinki,Finland,world,,60.16952,24.93545,,658864,Europe,,,86.5,76.9,156.9,674.7,374,90.1,3.507,0.068,0.332,0.977,106.0,105.2,0.49,0.15,319.1,9215,
w-mx-acapulco-de-juarez,Acapulco de Juarez,Mexico,world,,16.84942,-99.90891,,658609,North America,,,82.5,76.6,132.4,624.2,349,104.0,3.509,0.067,0.317,0.931,116.0,66.4,0.273,0.25,264.9,2736,
w-ca-brampton,Brampton,Canada,world,,43.68341,-79.76633,,656480,North America,,,38.5,86.4,144.2,665.9,330,263.5,2.978,0.475,0.734,0.844,100.0,39.2,0.248,0.137,260.1,3359,
w-ao-calumbo,Calumbo,Angola,world,,-9.14692,13.41936,,652270,Africa,,,81.5,83.0,83.0,501.0,281,123.7,3.493,0.081,0.377,0.903,278.0,10.1,0.241,0.109,63.0,253,norm_short
w-mx-tlaquepaque,Tlaquepaque,Mexico,world,,20.64121,-103.29342,,650123,North America,,,7.5,49.6,124.1,677.8,344,65.3,3.138,0.365,0.649,0.985,64.0,175.5,0.384,0.155,582.3,6369,
w-de-frankfurt-am-main,Frankfurt am Main,Germany,world,,50.11552,8.68417,,650000,Europe,,,86.5,113.4,262.0,756.7,441,117.1,3.516,0.061,0.304,0.985,333.0,101.4,0.326,0.081,378.2,8001,
w-it-palermo,Palermo,Italy,world,,38.1166,13.3636,,648260,Europe,,,63.5,63.9,156.4,629.4,350,116.5,3.423,0.141,0.507,0.969,nan,122.4,0.279,0.105,341.5,4773,
w-ru-izhevsk,Izhevsk,Russia,world,,56.85225,53.19862,,648213,Europe,,,85.5,77.6,95.2,548.1,248,133.9,3.104,0.389,0.797,0.988,nan,19.1,0.356,0.154,157.0,1552,norm_short
w-ve-maturin,Maturin,Venezuela,world,,9.74569,-63.18323,,647459,South America,,,63.5,115.0,197.5,705.6,390,118.1,3.413,0.149,0.331,0.959,312.0,64.3,0.324,0.119,288.9,2101,
w-us-detroit,Detroit,United States,world,,42.33143,-83.04575,,645705,North America,,,64.5,39.9,57.3,527.4,217,129.9,2.459,0.762,0.826,0.984,91.0,74.1,0.41,0.036,351.9,4550,
w-ng-osogbo,Osogbo,Nigeria,world,,7.77104,4.55698,,645000,Africa,,,40.5,148.9,285.2,772.2,459,172.1,3.567,0.015,0.271,0.936,nan,79.1,0.114,0.211,324.9,3741,
w-br-jaboatao-dos-guararapes,Jaboatao dos Guararapes,Brazil,world,,-8.11278,-35.01472,,644037,South America,,,75.5,141.8,215.9,697.5,388,147.3,3.526,0.051,0.306,0.917,nan,55.4,0.106,0.178,226.2,1817,
w-us-las-vegas,Las Vegas,United States,world,,36.17497,-115.13722,,641903,North America,,,89.5,43.9,79.3,617.1,293,39.3,2.914,0.516,0.624,0.986,100.0,72.0,0.388,0.062,394.1,5608,
w-us-new-south-memphis,New South Memphis,United States,world,,35.08676,-90.05676,,641608,North America,,,1.5,35.1,46.5,560.9,240,81.0,2.689,0.648,0.739,0.97,111.0,25.4,0.299,0.125,191.8,1407,norm_short
w-au-gold-coast,Gold Coast,Australia,world,,-28.00029,153.43088,,640778,Oceania,,,10.5,69.2,90.6,500.3,280,131.6,3.287,0.252,0.505,0.936,93.0,30.4,0.186,0.143,129.3,2133,norm_short
w-pl-lodz,Lodz,Poland,world,,51.77058,19.47395,,639890,Europe,,,82.5,48.4,90.7,616.7,284,149.3,3.194,0.323,0.703,0.984,116.0,37.5,0.326,0.138,240.2,4020,
w-ec-cuenca,Cuenca,Ecuador,world,,-2.8953,-78.9963,,636996,South America,,,13.5,88.2,250.6,767.6,453,100.3,3.567,0.015,0.286,0.954,116.0,142.3,0.263,0.162,478.8,6100,
w-md-chisinau,Chisinau,Moldova,world,,47.00902,28.85938,,635994,Europe,,,44.5,95.5,125.2,719.9,396,275.1,3.315,0.229,0.445,0.97,74.0,33.9,0.23,0.153,212.9,2371,
w-cd-likasi,Likasi,Democratic Republic of the Congo,world,,-10.98303,26.7384,,635768,Africa,,,0.5,71.4,115.2,709.2,385,88.9,3.355,0.197,0.531,0.94,61.0,71.9,0.213,0.156,321.5,2579,
w-cd-tshikapa,Tshikapa,Democratic Republic of the Congo,world,,-6.41621,20.79995,,634529,Africa,,,50.5,167.9,229.0,678.0,390,165.5,3.442,0.125,0.207,0.937,357.0,41.4,0.16,0.138,177.8,1110,norm_short
w-ru-barnaul,Barnaul,Russia,world,,53.36199,83.72786,,632372,Europe,,,56.5,114.5,163.0,735.9,424,138.2,3.19,0.326,0.296,0.98,nan,35.9,0.349,0.143,243.6,1417,
w-pe-piura,Piura,Peru,world,,-5.18192,-80.65715,,630000,South America,,,17.5,46.5,138.4,698.0,376,83.5,3.188,0.328,0.52,0.991,nan,180.5,0.28,0.043,550.9,4895,
w-zm-ndola,Ndola,Zambia,world,,-12.95867,28.63659,,627503,Africa,,,86.5,106.2,120.3,702.9,386,172.3,3.488,0.085,0.451,0.92,227.0,45.7,0.114,0.104,243.4,1892,
w-br-contagem,Contagem,Brazil,world,,-19.93167,-44.05361,,627123,South America,,,0.5,123.1,280.1,768.4,454,116.9,3.554,0.027,0.224,0.927,74.0,79.4,0.22,0.067,357.2,3761,
w-ru-ulyanovsk,Ulyanovsk,Russia,world,,54.32824,48.38657,,626540,Europe,,,59.5,114.5,129.0,672.7,380,199.7,3.499,0.075,0.314,0.983,nan,27.0,0.371,0.138,179.1,1233,norm_short
w-dj-djibouti,Djibouti,Djibouti,world,,11.58901,43.14503,,626512,Africa,,,76.5,56.1,107.1,625.3,352,61.8,3.49,0.084,0.365,0.958,nan,111.0,0.387,0.036,254.6,2140,
w-gb-glasgow,Glasgow,United Kingdom,world,,55.86515,-4.25763,,626410,Europe,,,11.5,80.6,226.3,741.4,419,92.5,3.48,0.092,0.374,0.944,nan,110.1,0.223,0.225,433.9,6183,
w-us-louisville,Louisville,United States,world,,38.25424,-85.75941,,624444,North America,,,7.5,30.3,65.5,550.7,230,115.3,2.952,0.492,0.741,0.985,147.0,50.4,0.473,0.089,314.8,3347,
w-ru-irkutsk,Irkutsk,Russia,world,,52.29566,104.29076,,623869,Europe,,,71.5,217.4,267.5,759.0,446,228.5,3.5,0.074,0.225,0.962,333.0,29.5,0.313,0.166,194.4,1751,norm_short
w-eg-al-mansurah,Al Mansurah,Egypt,world,,31.03637,31.38069,,621953,Africa,,,24.5,42.6,218.8,736.3,418,48.0,3.524,0.053,0.292,0.979,357.0,317.6,0.171,0.135,657.5,5732,
w-de-duesseldorf,Duesseldorf,Germany,world,,51.22319,6.77927,,618685,Europe,,,0.5,108.4,240.5,753.7,438,112.5,3.566,0.016,0.3,0.983,93.0,85.2,0.306,0.082,336.9,7332,
w-gt-villa-nueva,Villa Nueva,Guatemala,world,,14.52512,-90.58544,,618397,North America,,,8.5,103.3,293.0,767.7,452,104.3,3.52,0.057,0.253,0.97,385.0,140.3,0.171,0.232,436.6,6173,
w-ru-khabarovsk,Khabarovsk,Russia,world,,48.46204,135.0971,,618150,Europe,,,47.5,118.5,132.5,659.1,365,235.5,3.375,0.181,0.413,0.96,238.0,14.2,0.222,0.216,128.2,1018,norm_short
w-br-cuiaba,Cuiaba,Brazil,world,,-15.59611,-56.09667,,618124,South America,,,42.5,86.9,198.6,729.1,404,137.9,3.442,0.125,0.504,0.976,85.0,105.8,0.284,0.068,432.5,4238,
w-tz-arusha,Arusha,Tanzania,world,,-3.36667,36.68333,,617631,Africa,,,84.5,137.6,231.7,751.3,433,141.6,3.402,0.158,0.368,0.906,312.0,70.2,0.071,0.297,295.1,2726,
w-br-feira-de-santana,Feira de Santana,Brazil,world,,-12.26667,-38.96667,,616272,South America,,,1.5,65.9,192.5,747.3,429,80.2,3.489,0.084,0.379,0.973,143.0,147.5,0.233,0.124,501.6,3930,
w-de-stuttgart,Stuttgart,Germany,world,,48.78232,9.17702,,612663,Europe,,,64.5,95.5,200.8,748.9,431,120.3,3.555,0.026,0.249,0.952,nan,88.8,0.354,0.17,346.5,6590,
w-pe-chiclayo,Chiclayo,Peru,world,,-6.77008,-79.85495,,609400,South America,,,5.5,42.5,116.3,693.2,364,62.6,3.249,0.281,0.59,0.983,nan,207.2,0.327,0.063,603.7,4973,
w-ru-yaroslavl,Yaroslavl,Russia,world,,57.62987,39.87368,,608722,Europe,,,1.5,171.0,233.4,741.1,424,184.0,3.505,0.07,0.309,0.973,143.0,28.6,0.288,0.136,169.4,2013,norm_short
w-se-gothenburg,Gothenburg,Sweden,world,,57.70716,11.96679,,608462,Europe,,,74.5,108.8,255.0,753.8,436,116.6,3.549,0.031,0.292,0.953,385.0,98.1,0.204,0.164,392.0,8264,
w-za-benoni,Benoni,South Africa,world,,-26.18848,28.32078,,605344,Africa,,,63.5,64.3,120.4,702.8,384,174.9,3.468,0.102,0.386,0.965,91.0,39.8,0.294,0.092,244.7,1872,
w-ru-vladivostok,Vladivostok,Russia,world,,43.10562,131.87353,,604901,Europe,,,14.5,77.7,77.7,520.4,287,173.8,3.476,0.095,0.364,0.951,65.0,9.0,0.124,0.204,83.4,959,norm_short
w-mx-tuxtla,Tuxtla,Mexico,world,,16.75357,-93.11578,,604147,North America,,,9.5,45.8,123.1,668.2,333,75.8,3.125,0.374,0.678,0.987,94.0,158.2,0.428,0.112,535.3,4963,
w-ua-kryvyy-rih,Kryvyy Rih,Ukraine,world,,47.90572,33.39404,,603904,Europe,,,79.5,123.6,167.2,711.2,390,199.1,3.498,0.076,0.431,0.954,385.0,18.4,0.242,0.102,143.5,903,norm_short
w-ao-lubango,Lubango,Angola,world,,-14.91717,13.4925,,600751,Africa,,,68.5,115.4,199.4,753.9,437,177.6,3.562,0.02,0.352,0.927,114.0,65.7,0.135,0.212,285.9,2752,
w-so-borama,Borama,Somalia,world,,9.93611,43.18278,,597842,Africa,,,2.5,56.0,120.8,653.8,319,57.2,3.126,0.373,0.745,0.962,nan,138.2,0.515,0.075,405.2,2178,
w-ru-makhachkala,Makhachkala,Russia,world,,42.97782,47.50027,,596356,Europe,,,37.5,68.5,107.9,576.7,311,186.9,3.402,0.158,0.586,0.964,185.0,37.2,0.412,0.162,222.8,1862,
w-ao-huambo,Huambo,Angola,world,,-12.77611,15.73917,,595304,Africa,,,50.5,131.9,243.5,775.0,463,144.4,3.574,0.008,0.256,0.955,nan,88.6,0.154,0.127,339.5,2566,
w-ar-mar-del-plata,Mar del Plata,Argentina,world,,-38.00042,-57.5562,,593337,South America,,,32.5,7.1,14.6,337.1,58,106.0,2.441,0.77,0.871,0.997,104.0,114.3,0.896,0.013,446.5,2265,
w-de-essen,Essen,Germany,world,,51.45657,7.01228,,593085,Europe,,,75.5,100.1,250.1,751.5,434,109.7,3.547,0.033,0.305,0.966,312.0,105.6,0.274,0.123,385.2,7426,
w-eg-al-mahallah-al-kubra,Al Mahallah al Kubra,Egypt,world,,30.97063,31.1669,,592573,Africa,,,19.5,42.3,178.1,706.6,379,50.6,3.348,0.203,0.454,0.958,278.0,256.6,0.162,0.112,575.6,4849,
w-es-malaga,Malaga,Spain,world,,36.72016,-4.42034,,592346,Europe,,,5.5,78.6,209.9,719.3,409,81.5,3.558,0.023,0.272,0.954,385.0,139.7,0.227,0.107,391.6,7191,
w-mx-reynosa,Reynosa,Mexico,world,,26.08005,-98.28456,,589466,North America,,,7.5,50.2,105.0,692.8,364,92.3,3.233,0.294,0.599,0.98,102.0,120.6,0.432,0.059,464.4,2939,
w-de-dortmund,Dortmund,Germany,world,,51.51494,7.466,,588462,Europe,,,83.5,91.7,183.0,705.9,381,103.4,3.427,0.137,0.504,0.979,238.0,71.9,0.289,0.111,294.6,5549,
w-us-baltimore,Baltimore,United States,world,,39.29038,-76.61219,,585708,North America,,,87.5,34.2,88.3,634.3,306,85.8,2.885,0.535,0.637,0.989,125.0,92.4,0.536,0.096,423.2,5948,
w-br-londrina,Londrina,Brazil,world,,-23.31028,-51.16278,,581382,South America,,,0.5,52.9,102.1,680.1,349,40.0,3.336,0.212,0.614,0.982,132.0,111.5,0.313,0.031,446.2,4095,
w-co-bucaramanga,Bucaramanga,Colombia,world,,7.125,-73.11895,,581130,South America,,,79.5,57.2,102.3,680.7,351,93.2,3.475,0.096,0.449,0.974,94.0,100.0,0.467,0.078,373.6,3422,
w-it-genoa,Genoa,Italy,world,,44.40478,8.94439,,580097,Europe,,,18.5,63.0,162.6,597.6,356,85.6,3.551,0.029,0.326,0.83,357.0,105.8,0.196,0.277,372.9,5688,
w-eg-tanta,Tanta,Egypt,world,,30.78847,31.00192,,576648,Africa,,,88.5,39.7,166.3,707.0,376,40.5,3.354,0.198,0.554,0.975,357.0,271.6,0.222,0.136,623.1,5809,
w-ru-tomsk,Tomsk,Russia,world,,56.50049,84.98216,,574002,Europe,,,0.5,110.3,151.7,709.2,388,121.3,3.407,0.155,0.486,0.966,200.0,38.2,0.294,0.237,222.4,2231,
w-ke-nakuru,Nakuru,Kenya,world,,-0.30719,36.07225,,570674,Africa,,,16.5,107.0,140.8,639.8,357,120.9,3.272,0.263,0.353,0.936,85.0,49.4,0.166,0.128,220.5,1355,
w-ca-hamilton,Hamilton,Canada,world,,43.25011,-79.84963,,569353,North America,,,17.5,30.2,54.1,470.5,148,152.8,2.224,0.855,0.904,0.991,111.0,63.6,0.4,0.081,330.2,3631,
w-gb-manchester,Manchester,United Kingdom,world,,53.48095,-2.23743,,568996,Europe,,,0.5,85.2,277.2,775.1,462,85.2,3.562,0.019,0.179,0.954,294.0,175.4,0.249,0.247,490.8,9416,
w-ca-surrey,Surrey,Canada,world,,49.10635,-122.82509,,568322,North America,,,0.5,37.8,65.1,499.5,194,32.1,2.712,0.636,0.813,0.982,102.0,26.4,0.218,0.265,176.1,2313,norm_short
w-ma-meknes,Meknes,Morocco,world,,33.89352,-5.54727,,568295,Africa,,,37.5,112.5,258.1,753.6,437,124.9,3.536,0.043,0.299,0.942,312.0,124.0,0.163,0.086,337.2,4886,
w-cl-puente-alto,Puente Alto,Chile,world,,-33.61169,-70.57577,,568106,South America,,,81.5,41.1,113.6,609.6,269,68.1,2.733,0.624,0.823,0.982,nan,181.6,0.191,0.122,493.7,8213,
w-sd-nyala,Nyala,Sudan,world,,12.04888,24.88069,,565734,Africa,,,68.5,68.5,199.9,720.2,396,61.1,3.254,0.277,0.329,0.979,60.0,146.7,0.513,0.027,476.6,3635,
w-de-dresden,Dresden,Germany,world,,51.05089,13.73832,,564904,Europe,,,32.5,121.7,236.6,758.2,443,157.1,3.523,0.054,0.307,0.986,238.0,66.9,0.325,0.158,294.9,7165,
w-ru-orenburg,Orenburg,Russia,world,,51.76712,55.09883,,564773,Europe,,,89.5,175.3,240.0,732.4,432,165.4,3.473,0.098,0.189,0.98,116.0,38.9,0.335,0.123,219.2,1536,
w-us-albuquerque,Albuquerque,United States,world,,35.08449,-106.65114,,564559,North America,,,8.5,53.6,112.7,650.6,316,100.5,2.985,0.471,0.702,0.984,109.0,59.0,0.469,0.13,333.6,3234,
w-er-asmara,Asmara,Eritrea,world,,15.33805,38.93184,,563930,Africa,,,2.5,82.0,246.7,756.5,440,86.4,3.503,0.072,0.358,0.939,312.0,163.2,0.316,0.046,474.4,3528,
w-us-milwaukee,Milwaukee,United States,world,,43.0389,-87.90647,,563531,North America,,,0.5,25.1,59.4,563.3,236,30.2,2.667,0.66,0.733,0.988,104.0,56.2,0.509,0.063,300.8,4999,
w-ng-ile-ife,Ile-Ife,Nigeria,world,,7.4824,4.56032,,560000,Africa,,,49.5,186.5,302.8,780.5,468,186.0,3.582,0.002,0.246,0.916,nan,63.6,0.119,0.172,298.3,2959,
w-ng-gombe,Gombe,Nigeria,world,,10.28969,11.16729,,560000,Africa,,,84.5,86.8,220.7,733.4,408,86.8,3.303,0.239,0.526,0.95,385.0,134.0,0.249,0.156,439.5,6403,
w-ru-kemerovo,Kemerovo,Russia,world,,55.35417,86.10435,,558973,Europe,,,89.5,48.2,66.6,619.5,307,74.2,3.33,0.218,0.551,0.978,nan,17.9,0.393,0.167,163.8,1338,norm_short
w-za-bloemfontein,Bloemfontein,South Africa,world,,-29.12107,26.214,,556637,Africa,,,13.5,68.6,127.8,690.8,371,169.3,3.469,0.102,0.427,0.943,nan,69.4,0.269,0.063,296.7,3242,
w-gb-sheffield,Sheffield,United Kingdom,world,,53.38297,-1.4659,,556500,Europe,,,42.5,116.4,272.7,766.7,451,123.9,3.57,0.012,0.27,0.952,357.0,120.0,0.152,0.234,385.5,7184,
w-cu-santiago-de-cuba,Santiago de Cuba,Cuba,world,,20.02287,-75.82171,,555865,North America,,,1.5,99.6,208.2,747.4,429,101.4,3.527,0.051,0.355,0.965,nan,93.7,0.443,0.08,362.1,2314,
w-mx-cuautitlan-izcalli,Cuautitlan Izcalli,Mexico,world,,19.64388,-99.21598,,555163,North America,,,81.5,60.2,174.3,726.3,403,83.4,3.51,0.066,0.423,0.965,nan,153.9,0.133,0.213,481.6,6452,
w-ao-benguela,Benguela,Angola,world,,-12.57674,13.40268,,555124,Africa,,,40.5,108.2,156.4,521.2,312,149.9,3.327,0.22,0.42,0.959,294.0,47.4,0.181,0.097,202.8,1491,
w-ao-cabinda,Cabinda,Angola,world,,-5.56198,12.19476,,550000,Africa,,,72.5,155.9,182.4,638.0,372,177.5,3.548,0.032,0.324,0.923,172.0,33.8,0.135,0.233,169.3,1249,norm_short
w-xk-pristina,Pristina,Kosovo,world,,42.67272,21.16688,,550000,Europe,,,11.5,136.8,258.2,753.4,439,142.0,3.563,0.019,0.226,0.943,192.0,70.8,0.109,0.305,299.5,2922,
w-br-porto-velho,Porto Velho,Brazil,world,,-8.76194,-63.90389,,548952,South America,,,77.5,24.9,31.9,526.4,208,130.1,2.996,0.464,0.753,0.982,122.0,51.7,0.428,0.101,261.8,1765,
w-ar-san-miguel-de-tucuman,San Miguel de Tucuman,Argentina,world,,-26.81601,-65.21051,,548866,South America,,,12.5,31.9,58.2,429.8,119,124.5,2.186,0.868,0.945,0.994,156.0,77.2,0.569,0.027,384.1,2943,
w-ua-sevastopol,Sevastopol,Ukraine,world,,44.60795,33.52134,,547820,Europe,,,35.5,116.4,140.0,711.8,400,166.2,3.523,0.055,0.231,0.942,65.0,31.6,0.25,0.197,188.1,1721,norm_short
w-de-bremen,Bremen,Germany,world,,53.07582,8.80717,,546501,Europe,,,43.5,99.3,197.6,722.7,400,157.8,3.479,0.093,0.405,0.976,nan,79.1,0.286,0.07,338.8,5473,
w-ng-owerri,Owerri,Nigeria,world,,5.48363,7.03325,,545000,Africa,,,67.5,106.6,174.6,731.7,411,173.6,3.45,0.118,0.417,0.932,172.0,58.5,0.184,0.121,301.8,2041,
w-us-tucson,Tucson,United States,world,,32.22174,-110.92648,,542629,North America,,,89.5,25.2,42.2,478.0,152,25.3,2.618,0.686,0.857,0.985,135.0,63.5,0.415,0.074,334.0,3000,
w-lt-vilnius,Vilnius,Lithuania,world,,54.68916,25.2798,,542366,Europe,,,16.5,182.7,263.3,767.6,454,189.7,3.543,0.037,0.284,0.973,nan,42.3,0.182,0.106,248.7,3324,
w-us-fresno,Fresno,United States,world,,36.74773,-119.77237,,542107,North America,,,89.5,33.1,52.6,541.7,225,16.4,2.753,0.613,0.753,0.987,102.0,64.9,0.514,0.073,405.9,3276,
w-tz-mbeya,Mbeya,Tanzania,world,,-8.9,33.45,,541603,Africa,,,89.5,147.9,254.0,754.5,438,147.4,3.556,0.025,0.305,0.894,nan,73.1,0.097,0.188,291.0,2289,
w-br-juiz-de-fora,Juiz de Fora,Brazil,world,,-21.76417,-43.35028,,540756,South America,,,76.5,93.4,210.5,761.1,444,145.1,3.557,0.024,0.309,0.919,nan,83.1,0.168,0.142,355.7,3750,
w-ng-calabar,Calabar,Nigeria,world,,4.95893,8.32695,,540000,Africa,,,30.5,131.1,213.0,652.7,388,177.1,3.542,0.038,0.331,0.94,nan,54.0,0.105,0.212,241.0,1920,
w-ma-oujda,Oujda,Morocco,world,,34.68139,-1.90858,,539711,Africa,,,85.5,63.7,286.6,771.3,456,66.3,3.568,0.014,0.282,0.979,357.0,257.0,0.199,0.077,612.8,8806,
w-ru-novokuznetsk,Novokuznetsk,Russia,world,,53.75752,87.13599,,539616,Europe,,,45.5,91.4,106.4,680.1,366,143.4,3.378,0.178,0.47,0.95,357.0,23.2,0.202,0.133,144.5,1147,norm_short
w-ru-ryazan,Ryazan',Russia,world,,54.62696,39.70415,,538962,Europe,,,46.5,97.1,128.0,699.9,383,232.5,3.446,0.122,0.444,0.965,nan,18.3,0.276,0.197,143.4,1271,norm_short
w-gb-leeds,Leeds,United Kingdom,world,,53.79648,-1.54785,,536280,Europe,,,10.5,89.2,261.2,764.7,449,93.5,3.577,0.006,0.309,0.965,357.0,161.4,0.176,0.254,471.4,7549,
w-pl-poznan,Poznan,Poland,world,,52.40692,16.92993,,536151,Europe,,,13.5,142.6,244.1,737.9,419,172.4,3.508,0.067,0.382,0.973,217.0,63.0,0.257,0.158,276.4,6057,
w-ng-ebute-ikorodu,Ebute Ikorodu,Nigeria,world,,6.60086,3.48818,,535619,Africa,,,0.5,153.0,222.1,665.1,373,152.3,3.53,0.048,0.327,0.927,82.0,41.0,0.115,0.277,195.2,1840,norm_short
w-br-ananindeua,Ananindeua,Brazil,world,,-1.36556,-48.37222,,535547,South America,,,89.5,95.2,148.2,715.2,390,105.5,3.341,0.209,0.516,0.978,294.0,75.6,0.212,0.211,328.7,3203,
w-ru-astrakhan,Astrakhan,Russia,world,,46.34968,48.04076,,533925,Europe,,,83.5,82.0,182.1,711.6,391,159.6,3.46,0.109,0.402,0.982,71.0,40.7,0.331,0.09,234.3,1833,
w-ca-quebec,Quebec,Canada,world,,46.81228,-71.21454,,531902,North America,,,57.5,85.3,155.1,706.6,383,138.2,3.119,0.378,0.526,0.974,nan,62.2,0.42,0.059,264.0,3085,
w-co-ibague,Ibague,Colombia,world,,4.43573,-75.20289,,529635,South America,,,75.5,68.6,186.7,706.8,382,78.8,3.451,0.117,0.352,0.959,nan,109.4,0.234,0.167,344.5,4000,
w-be-antwerp,Antwerp,Belgium,world,,51.22047,4.40026,,529247,Europe,,,0.5,87.0,204.5,695.2,385,87.8,3.56,0.021,0.34,0.974,312.0,102.5,0.297,0.105,360.1,6781,
w-eg-assiut,Assiut,Egypt,world,,27.18096,31.18368,,528669,Africa,,,59.5,56.2,186.9,678.1,358,80.5,3.447,0.121,0.524,0.95,278.0,196.7,0.107,0.241,443.2,4504,
w-br-aparecida-de-goiania,Aparecida de Goiania,Brazil,world,,-16.82333,-49.24389,,527796,South America,,,9.5,84.8,180.5,736.3,416,122.0,3.459,0.11,0.397,0.989,75.0,90.7,0.279,0.028,363.8,2263,
w-sv-san-salvador,San Salvador,El Salvador,world,,13.68935,-89.18718,,525990,North America,,,5.5,64.1,124.2,710.8,386,104.7,3.395,0.164,0.503,0.941,96.0,87.4,0.28,0.202,341.5,4943,
w-us-sacramento,Sacramento,United States,world,,38.58157,-121.4944,,524943,North America,,,18.5,24.6,61.1,551.0,236,114.4,3.184,0.33,0.715,0.977,125.0,70.3,0.618,0.066,343.1,4109,
w-ru-penza,Penza,Russia,world,,53.19568,45.01075,,523553,Europe,,,10.5,147.5,170.5,736.8,418,209.7,3.545,0.035,0.39,0.964,385.0,31.1,0.241,0.198,215.2,2029,
w-fr-lyon,Lyon,France,world,,45.74906,4.84789,,520774,Europe,,,82.5,64.4,203.5,751.6,433,85.3,3.458,0.111,0.339,0.981,81.0,120.7,0.428,0.073,457.3,7621,
w-ar-salta,Salta,Argentina,world,,-24.80645,-65.41999,,520683,South America,,,4.5,49.3,113.1,700.3,375,90.2,3.282,0.256,0.507,0.988,139.0,109.7,0.424,0.052,430.5,3718,
w-br-serra,Serra,Brazil,world,,-20.12861,-40.30778,,520653,South America,,,32.5,99.4,132.7,689.8,377,162.1,3.556,0.025,0.305,0.95,68.0,54.1,0.169,0.094,210.2,1801,
w-eg-al-fayyum,Al Fayyum,Egypt,world,,29.30995,30.8418,,519047,Africa,,,3.5,56.7,184.6,724.5,400,58.8,3.489,0.084,0.373,0.953,nan,217.6,0.133,0.134,472.5,4631,
w-mx-victoria-de-durango,Victoria de Durango,Mexico,world,,24.02032,-104.65756,,518709,North America,,,85.5,54.0,177.2,722.9,396,58.7,3.441,0.125,0.507,0.989,nan,194.2,0.405,0.087,611.5,5616,
w-de-nuremberg,Nuremberg,Germany,world,,49.45421,11.07752,,515543,Europe,,,89.5,113.0,247.0,756.2,439,113.5,3.551,0.029,0.322,0.973,nan,90.3,0.285,0.149,364.5,5801,
w-de-hannover,Hannover,Germany,world,,52.37052,9.73322,,515140,Europe,,,64.5,115.1,241.4,750.2,433,145.3,3.499,0.075,0.311,0.981,nan,73.6,0.312,0.118,315.8,4782,
w-gb-edinburgh,Edinburgh,United Kingdom,world,,55.95206,-3.19648,,514990,Europe,,,73.5,110.9,225.1,746.5,427,145.2,3.497,0.078,0.376,0.943,86.0,93.8,0.154,0.252,343.7,5468,
w-br-macapa,Macapa,Brazil,world,,0.03889,-51.06639,,512902,South America,,,3.5,24.6,38.9,503.8,181,100.4,2.992,0.466,0.823,0.984,85.0,50.4,0.562,0.09,265.6,1549,
w-fr-toulouse,Toulouse,France,world,,43.60426,1.44367,,511684,Europe,,,48.5,110.0,291.9,777.2,464,109.5,3.574,0.009,0.22,0.961,294.0,125.9,0.187,0.081,440.6,7221,
w-za-thembisa,Thembisa,South Africa,world,,-25.99636,28.2268,,511655,Africa,,,49.5,96.2,259.2,764.5,450,104.2,3.546,0.033,0.212,0.929,nan,95.6,0.196,0.076,416.8,3232,
w-us-atlanta,Atlanta,United States,world,,33.749,-84.38798,,510823,North America,,,0.5,39.6,100.3,625.8,286,50.2,2.989,0.468,0.686,0.976,122.0,80.1,0.356,0.151,415.6,4708,
w-mx-heroica-matamoros,Heroica Matamoros,Mexico,world,,25.87972,-97.50417,,510739,North America,,,46.5,113.4,267.8,736.4,428,91.5,3.519,0.058,0.169,0.974,104.0,92.9,0.448,0.054,380.8,2959,
w-ru-naberezhnyye-chelny,Naberezhnyye Chelny,Russia,world,,55.73718,52.41961,,509870,Europe,,,46.5,35.1,43.3,411.1,178,311.3,2.689,0.649,0.724,0.978,312.0,33.2,0.145,0.075,188.6,1698,norm_short
w-ru-lipetsk,Lipetsk,Russia,world,,52.5876,39.55151,,509735,Europe,,,42.5,95.0,109.7,612.5,314,295.8,3.389,0.17,0.593,0.935,333.0,19.7,0.116,0.15,148.5,1383,norm_short
w-cd-kikwit,Kikwit,Democratic Republic of the Congo,world,,-5.04098,18.81619,,509367,Africa,,,54.5,67.4,101.0,715.8,391,155.3,3.507,0.069,0.43,0.959,71.0,82.3,0.297,0.097,353.2,2181,
w-br-florianopolis,Florianopolis,Brazil,world,,-27.59667,-48.54917,,508826,South America,,,54.5,165.8,225.3,721.5,409,166.7,3.543,0.037,0.212,0.946,167.0,39.1,0.24,0.178,189.8,2297,norm_short
w-au-newcastle,Newcastle,Australia,world,,-32.92953,151.7801,,508437,Oceania,,,10.5,106.7,125.4,583.9,313,133.4,3.408,0.153,0.321,0.972,119.0,35.0,0.295,0.142,154.8,2108,norm_short
w-ru-kirov,Kirov,Russia,world,,58.59809,49.65783,,507155,Europe,,,88.5,43.8,52.3,597.2,269,107.0,3.158,0.35,0.721,0.985,227.0,17.0,0.416,0.209,153.5,1171,norm_short
w-de-leipzig,Leipzig,Germany,world,,51.33962,12.37129,,504971,Europe,,,1.5,123.9,241.3,746.9,430,129.5,3.503,0.072,0.322,0.991,nan,61.8,0.348,0.09,276.9,8461,
w-de-duisburg,Duisburg,Germany,world,,51.43247,6.76516,,504358,Europe,,,5.5,147.0,238.7,754.0,437,150.2,3.563,0.019,0.243,0.967,357.0,52.2,0.272,0.115,266.6,3930,
w-by-homyel,Homyel',Belarus,world,,52.4345,30.9754,,501193,Europe,,,8.5,55.9,74.4,693.9,375,203.0,3.43,0.135,0.456,0.983,nan,30.0,0.26,0.138,213.0,1701,
w-ao-talatona,Talatona,Angola,world,,-8.91783,13.18562,,500000,Africa,,,24.5,138.4,294.3,782.0,470,135.8,3.538,0.041,0.199,0.954,nan,106.5,0.137,0.178,378.4,4674,
w-co-santa-marta,Santa Marta,Colombia,world,,11.23855,-74.19427,,499192,South America,,,87.5,75.5,205.4,723.2,406,70.8,3.477,0.095,0.382,0.977,385.0,161.0,0.334,0.108,455.3,3519,
w-gb-liverpool,Liverpool,United Kingdom,world,,53.41058,-2.97794,,496770,Europe,,,74.5,73.0,203.4,672.8,384,81.9,3.534,0.044,0.382,0.96,357.0,142.5,0.197,0.27,420.1,6687,
w-ru-cheboksary,Cheboksary,Russia,world,,56.13218,47.246,,492331,Europe,,,29.5,167.3,192.9,745.1,429,226.2,3.539,0.04,0.294,0.97,161.0,24.4,0.203,0.084,165.7,1740,norm_short
w-co-monteria,Monteria,Colombia,world,,8.75081,-75.87823,,490935,South America,,,43.5,60.9,175.5,719.6,397,76.6,3.413,0.149,0.401,0.992,85.0,185.4,0.401,0.069,539.5,4186,
w-ke-ruiru,Ruiru,Kenya,world,,-1.14665,36.96087,,490120,Africa,,,32.5,128.0,197.6,741.9,422,187.6,3.339,0.21,0.284,0.898,161.0,63.6,0.083,0.207,278.7,2109,
w-co-valledupar,Valledupar,Colombia,world,,10.46538,-73.2531,,490075,South America,,,55.5,63.5,188.3,717.0,401,87.6,3.33,0.217,0.451,0.992,102.0,156.7,0.478,0.044,513.6,3050,
w-sd-port-sudan,Port Sudan,Sudan,world,,19.61745,37.21644,,489725,Africa,,,79.5,32.9,57.9,611.2,273,92.3,3.28,0.257,0.643,0.966,62.0,121.2,0.304,0.018,345.7,2984,
w-mx-toluca,Toluca,Mexico,world,,19.28786,-99.65324,,489333,North America,,,89.5,50.9,121.7,682.5,348,54.0,3.135,0.366,0.636,0.988,74.0,143.3,0.296,0.181,505.0,7550,
w-mx-ciudad-lopez-mateos,Ciudad Lopez Mateos,Mexico,world,,19.55793,-99.25675,,489160,North America,,,9.5,113.6,261.0,750.0,435,107.7,3.566,0.016,0.248,0.95,278.0,100.6,0.158,0.234,362.7,5865,
w-pl-gdansk,Gdansk,Poland,world,,54.35227,18.64912,,487371,Europe,,,55.5,150.3,230.0,741.4,424,154.8,3.568,0.014,0.219,0.964,nan,46.2,0.229,0.189,228.4,4289,
w-us-miami,Miami,United States,world,,25.77427,-80.19366,,487014,North America,,,88.5,33.0,74.7,577.4,266,69.1,2.674,0.656,0.624,0.984,109.0,65.4,0.405,0.057,305.5,4454,
w-us-omaha,Omaha,United States,world,,41.25626,-95.94043,,486051,North America,,,0.5,27.4,49.2,470.0,147,24.9,2.705,0.64,0.872,0.987,111.0,54.4,0.464,0.076,318.8,3302,
w-cd-masina,Masina,Democratic Republic of the Congo,world,,-4.38361,15.39139,,485167,Africa,,,8.5,62.3,154.4,626.6,345,69.5,3.455,0.113,0.495,0.987,nan,110.5,0.4,0.135,399.3,3388,
w-br-campos-dos-goytacazes,Campos dos Goytacazes,Brazil,world,,-21.75227,-41.33044,,483540,South America,,,19.5,81.1,138.6,719.6,396,148.1,3.434,0.131,0.48,0.974,85.0,78.8,0.28,0.086,335.5,2706,
w-et-jijiga,Jijiga,Ethiopia,world,,9.35,42.8,,483000,Africa,,,0.5,76.0,152.0,715.5,393,77.4,3.516,0.06,0.445,0.976,65.0,107.6,0.297,0.075,402.6,2230,
w-ru-tula,Tula,Russia,world,,54.19609,37.61822,,482873,Europe,,,32.5,115.2,177.6,701.7,386,272.0,3.443,0.124,0.427,0.987,nan,20.8,0.412,0.105,168.3,1611,norm_short
w-us-raleigh,Raleigh,United States,world,,35.7721,-78.63861,,482295,North America,,,2.5,44.4,99.7,657.0,328,105.6,3.343,0.207,0.635,0.947,76.0,52.2,0.336,0.126,295.0,3092,
w-br-sao-jose-do-rio-preto,Sao Jose do Rio Preto,Brazil,world,,-20.81972,-49.37944,,480393,South America,,,45.5,43.7,138.2,700.5,373,107.6,3.364,0.19,0.548,0.991,102.0,130.5,0.507,0.033,503.5,4296,
w-br-caxias-do-sul,Caxias do Sul,Brazil,world,,-29.16806,-51.17944,,479599,South America,,,88.5,41.4,68.9,622.5,280,64.6,2.872,0.543,0.741,0.975,67.0,113.3,0.28,0.104,427.6,3977,
w-ng-okene,Okene,Nigeria,world,,7.55122,6.23589,,479178,Africa,,,4.5,247.0,273.0,740.5,428,243.0,3.524,0.053,0.146,0.881,172.0,25.5,0.05,0.198,136.8,665,norm_short
w-gb-bristol,Bristol,United Kingdom,world,,51.45523,-2.59665,,479024,Europe,,,52.5,106.6,271.4,756.9,438,119.6,3.555,0.026,0.318,0.953,238.0,128.9,0.106,0.19,413.2,6803,
w-za-east-london,East London,South Africa,world,,-33.01529,27.91162,,478676,Africa,,,73.5,76.6,91.6,658.0,355,166.6,3.513,0.063,0.401,0.935,83.0,38.7,0.306,0.077,180.3,1288,norm_short
w-so-hargeysa,Hargeysa,Somalia,world,,9.56,44.065,,477876,Africa,,,77.5,48.8,188.8,713.8,381,50.6,3.064,0.417,0.596,0.967,63.0,221.6,0.368,0.073,626.4,6210,
w-ke-eldoret,Eldoret,Kenya,world,,0.52036,35.26993,,475716,Africa,,,18.5,157.1,198.2,726.4,404,212.7,3.46,0.109,0.501,0.917,nan,38.8,0.136,0.197,206.0,1531,
w-us-kansas-city,Kansas City,United States,world,,39.09973,-94.57857,,475378,North America,,,2.5,24.6,54.1,591.7,247,60.5,2.691,0.648,0.711,0.982,98.0,69.9,0.505,0.07,386.8,3791,
w-ru-kaliningrad,Kaliningrad,Russia,world,,54.70639,20.51102,,475056,Europe,,,88.5,147.1,217.9,720.5,403,152.6,3.474,0.097,0.385,0.96,263.0,38.6,0.207,0.205,223.3,5011,
w-mk-skopje,Skopje,North Macedonia,world,,41.99646,21.43141,,474889,Europe,,,10.5,111.7,219.7,736.1,419,141.4,3.501,0.074,0.284,0.952,208.0,74.4,0.189,0.219,305.4,4277,
w-za-vereeniging,Vereeniging,South Africa,world,,-26.67313,27.92615,,474681,Africa,,,11.5,40.0,68.5,647.8,330,226.0,3.398,0.162,0.513,0.959,152.0,18.8,0.341,0.115,150.5,1018,norm_short
w-nl-the-hague,The Hague,The Netherlands,world,,52.07667,4.29861,,474292,Europe,,,59.5,61.2,174.9,693.6,360,98.2,3.177,0.336,0.627,0.975,68.0,152.6,0.319,0.058,517.8,9341,
w-us-long-beach,Long Beach,United States,world,,33.76696,-118.18923,,474140,North America,,,0.5,33.3,57.7,521.4,210,15.6,2.813,0.578,0.767,0.974,135.0,40.6,0.458,0.077,242.0,2926,
w-es-murcia,Murcia,Spain,world,,37.98704,-1.13004,,471982,Europe,,,73.5,57.3,172.1,716.0,386,75.1,3.328,0.219,0.525,0.952,nan,186.8,0.243,0.116,509.2,6409,
w-us-mesa,Mesa,United States,world,,33.42227,-111.82264,,471825,North America,,,89.5,40.7,50.9,440.5,142,32.2,2.551,0.719,0.907,0.981,81.0,46.2,0.238,0.125,274.8,2969,
w-ca-halifax,Halifax,Canada,world,,44.64269,-63.57688,,471559,North America,,,69.5,66.0,93.8,556.3,284,201.4,3.369,0.186,0.514,0.975,128.0,36.6,0.329,0.098,176.3,2591,norm_short
w-tz-morogoro,Morogoro,Tanzania,world,,-6.82102,37.66122,,471409,Africa,,,86.5,152.0,238.8,755.9,440,157.9,3.513,0.063,0.311,0.878,179.0,72.0,0.131,0.112,274.1,2038,
w-ma-kenitra,Kenitra,Morocco,world,,34.26101,-6.5802,,470949,Africa,,,54.5,105.1,243.9,744.2,429,94.3,3.477,0.094,0.259,0.973,385.0,116.1,0.215,0.058,301.0,4266,
w-ua-mykolayiv,Mykolayiv,Ukraine,world,,46.97625,31.99296,,470011,Europe,,,5.5,72.1,73.1,667.7,365,197.0,3.469,0.101,0.289,0.99,385.0,21.8,0.474,0.1,158.1,1234,norm_short
w-us-staten-island,Staten Island,United States,world,,40.56233,-74.13986,,468730,North America,,,35.5,105.0,170.5,683.2,374,223.2,3.289,0.25,0.439,0.978,79.0,54.6,0.328,0.164,257.0,2407,
w-co-pereira,Pereira,Colombia,world,,4.81428,-75.69488,,467269,South America,,,6.5,43.7,119.2,724.1,398,104.2,3.474,0.097,0.468,0.967,94.0,107.6,0.312,0.124,378.9,5646,
w-mx-ciudad-apodaca,Ciudad Apodaca,Mexico,world,,25.78143,-100.18911,,467157,North America,,,60.5,71.2,128.4,708.8,384,168.1,3.488,0.085,0.468,0.969,100.0,82.4,0.242,0.11,310.1,3220,
w-et-gonder,Gonder,Ethiopia,world,,12.6,37.46667,,466000,Africa,,,65.5,129.9,193.6,716.1,399,155.2,3.544,0.036,0.266,0.884,333.0,57.2,0.207,0.11,203.0,1212,
w-gt-mixco,Mixco,Guatemala,world,,14.63077,-90.60711,,465773,North America,,,55.5,177.0,341.9,767.3,456,122.9,3.502,0.073,0.106,0.933,294.0,81.2,0.113,0.32,290.7,4294,
w-ng-ikare,Ikare,Nigeria,world,,7.52591,5.75342,,465000,Africa,,,17.5,225.6,257.2,724.9,416,202.9,3.489,0.085,0.285,0.928,278.0,26.8,0.072,0.22,141.7,1101,norm_short
w-ve-maracay,Maracay,Venezuela,world,,10.24972,-67.59475,,464700,South America,,,13.5,65.6,134.9,648.1,309,113.1,3.13,0.37,0.751,0.977,nan,93.8,0.346,0.094,396.9,2883,
w-gh-tamale,Tamale,Ghana,world,,9.40079,-0.8393,,464316,Africa,,,1.5,109.5,239.3,755.7,439,114.4,3.533,0.046,0.357,0.938,nan,100.7,0.162,0.104,345.0,3198,
w-ug-kira,Kira,Uganda,world,,0.4,32.63333,,462900,Africa,,,65.5,186.5,297.8,773.6,461,210.9,3.572,0.011,0.276,0.885,385.0,53.8,0.045,0.415,259.2,2835,
w-eg-esna,Esna,Egypt,world,,25.29336,32.55402,,462787,Africa,,,69.5,64.5,105.1,515.7,267,111.7,3.222,0.302,0.63,0.923,263.0,39.6,0.119,0.159,163.7,2222,norm_short
w-ng-yola,Yola,Nigeria,world,,9.20839,12.48146,,460000,Africa,,,89.5,120.2,178.7,669.4,355,120.0,3.452,0.116,0.433,0.935,333.0,58.7,0.121,0.14,217.3,1712,
w-ec-santo-domingo-de-los-colorados,Santo Domingo de los Colorados,Ecuador,world,,-0.25368,-79.17628,,458580,South America,,,4.5,63.5,134.9,702.7,372,70.4,3.253,0.278,0.608,0.972,69.0,139.6,0.33,0.136,491.9,4130,
w-et-mek-ele,Mek'ele,Ethiopia,world,,13.49667,39.47528,,457900,Africa,,,19.5,62.5,137.7,667.5,355,117.5,3.407,0.155,0.439,0.968,62.0,108.2,0.318,0.055,345.5,2665,
w-et-nazret,Nazret,Ethiopia,world,,8.55,39.26667,,456900,Africa,,,21.5,37.8,100.1,645.1,312,94.0,3.264,0.27,0.655,0.986,61.0,139.2,0.357,0.091,468.7,3754,
w-us-colorado-springs,Colorado Springs,United States,world,,38.83388,-104.82136,,456568,North America,,,1.5,51.4,79.8,588.9,256,82.0,3.082,0.404,0.747,0.973,156.0,49.1,0.454,0.128,289.2,2910,
w-pe-huancayo,Huancayo,Peru,world,,-12.06866,-75.21027,,456250,South America,,,58.5,56.9,141.4,711.7,385,97.4,3.336,0.212,0.547,0.98,100.0,154.3,0.407,0.085,512.2,3758,
w-cd-mbandaka,Mbandaka,Democratic Republic of the Congo,world,,0.04865,18.26034,,455011,Africa,,,53.5,61.4,91.6,574.4,309,130.8,3.323,0.223,0.647,0.974,nan,75.2,0.357,0.087,303.8,1597,
w-mx-ciudad-general-escobedo,Ciudad General Escobedo,Mexico,world,,25.79663,-100.31767,,454967,North America,,,8.5,55.8,134.9,686.7,359,72.4,3.207,0.314,0.57,0.988,104.0,145.6,0.224,0.113,474.1,4513,
w-us-virginia-beach,Virginia Beach,United States,world,,36.85293,-75.97799,,454808,North America,,,77.5,26.4,29.5,410.2,216,117.9,3.121,0.377,0.601,0.942,106.0,33.2,0.357,0.213,164.3,1305,norm_short
w-ru-kursk,Kursk,Russia,world,,51.72689,36.18457,,448733,Europe,,,60.5,102.5,120.8,717.2,398,162.8,3.45,0.118,0.42,0.969,333.0,37.0,0.485,0.124,221.6,1379,
w-br-campina-grande,Campina Grande,Brazil,world,,-7.23056,-35.88111,,443911,South America,,,83.5,67.8,178.4,731.0,408,85.8,3.446,0.121,0.449,0.984,79.0,131.2,0.338,0.063,469.8,3971,
w-mx-ensenada,Ensenada,Mexico,world,,31.87149,-116.60071,,443807,North America,,,80.5,30.7,64.1,672.3,349,94.0,3.323,0.223,0.504,0.991,74.0,119.2,0.417,0.076,481.3,3564,
w-br-jundiai,Jundiai,Brazil,world,,-23.18639,-46.88417,,443221,South America,,,56.5,96.6,264.9,764.8,449,117.4,3.558,0.023,0.276,0.949,nan,110.7,0.23,0.107,420.8,4904,
w-mx-xochimilco,Xochimilco,Mexico,world,,19.25465,-99.10356,,442178,North America,,,15.5,94.3,201.7,705.3,383,116.4,3.331,0.217,0.571,0.949,238.0,117.0,0.125,0.345,366.2,5227,
w-br-piracicaba,Piracicaba,Brazil,world,,-22.72528,-47.64917,,440835,South America,,,26.5,52.3,124.6,690.0,364,114.3,3.424,0.14,0.535,0.981,106.0,118.1,0.41,0.057,442.4,4305,
w-ca-laval,Laval,Canada,world,,45.56995,-73.692,,438366,North America,,,52.5,63.6,122.4,660.5,329,209.3,2.977,0.476,0.613,0.954,96.0,58.2,0.303,0.038,305.8,5687,
w-es-palma,Palma,Spain,world,,39.56939,2.65024,,438234,Europe,,,48.5,76.7,194.6,702.5,397,76.3,3.56,0.022,0.248,0.975,357.0,117.0,0.4,0.057,381.9,4589,
w-br-montes-claros,Montes Claros,Brazil,world,,-16.735,-43.86167,,437601,South America,,,89.5,73.5,220.1,760.9,445,71.0,3.546,0.034,0.341,0.99,74.0,150.4,0.438,0.047,542.2,4313,
w-co-manizales,Manizales,Colombia,world,,5.0668,-75.50684,,434403,South America,,,87.5,59.9,173.0,735.3,416,78.3,3.551,0.03,0.328,0.955,71.0,162.2,0.238,0.145,445.0,5248,
w-ru-stavropol,Stavropol,Russia,world,,45.03442,41.9642,,433931,Europe,,,81.5,69.5,105.5,622.0,299,187.3,3.322,0.224,0.641,0.954,nan,29.7,0.225,0.175,207.5,1360,
w-co-buenaventura,Buenaventura,Colombia,world,,3.58333,-77.0,,432385,South America,,,,,,,,,,,,,,,,,,,no_streets
w-ua-vinnytsya,Vinnytsya,Ukraine,world,,49.2322,28.46871,,430091,Europe,,,86.5,157.6,188.0,750.0,435,196.0,3.526,0.051,0.335,0.95,185.0,36.0,0.254,0.162,212.6,1774,
w-pe-cusco,Cusco,Peru,world,,-13.53188,-71.96701,,428450,South America,,,6.5,83.7,178.1,738.8,419,96.1,3.514,0.063,0.346,0.906,65.0,101.5,0.229,0.133,396.5,3424,
w-mx-veracruz,Veracruz,Mexico,world,,19.18095,-96.1429,,428323,North America,,,55.5,56.6,166.7,697.1,382,77.2,3.319,0.226,0.413,0.994,102.0,161.3,0.489,0.07,542.4,4524,
w-ru-bryansk,Bryansk,Russia,world,,53.27096,34.32143,,427236,Europe,,,22.5,205.1,234.7,679.7,398,237.6,3.426,0.138,0.303,0.95,179.0,14.3,0.171,0.25,120.8,1114,norm_short
w-mx-xalapa-de-enriquez,Xalapa de Enriquez,Mexico,world,,19.53124,-96.91589,,424755,North America,,,8.5,89.2,292.8,772.7,458,91.1,3.536,0.043,0.279,0.973,nan,140.7,0.265,0.189,492.7,6312,
w-sk-bratislava,Bratislava,Slovakia,world,,48.14816,17.10674,,423737,Europe,,,3.5,97.0,179.7,717.1,412,109.9,3.56,0.022,0.294,0.957,312.0,72.8,0.221,0.179,329.5,5308,
w-ca-london,London,Canada,world,,42.98339,-81.23304,,422324,North America,,,69.5,41.5,66.7,561.9,238,191.9,2.898,0.527,0.719,0.979,143.0,43.8,0.309,0.103,257.3,2300,
w-br-barra-da-tijuca,Barra da Tijuca,Brazil,world,,-22.99835,-43.36545,,421438,South America,,,0.5,67.5,74.7,534.2,267,70.8,3.306,0.237,0.558,0.938,294.0,42.5,0.105,0.143,168.4,2736,norm_short
w-ru-tver,Tver,Russia,world,,56.85836,35.90057,,420065,Europe,,,35.5,116.7,212.2,740.9,426,192.4,3.304,0.238,0.19,0.992,nan,44.6,0.392,0.096,253.6,2271,
w-br-boa-vista,Boa Vista,Brazil,world,,2.81972,-60.67333,,419652,South America,,,41.5,43.3,92.6,592.5,322,158.5,3.318,0.227,0.413,0.98,135.0,67.0,0.443,0.047,285.7,1981,
w-br-rio-branco,Rio Branco,Brazil,world,,-9.97472,-67.81,,419452,South America,,,65.5,131.8,221.7,763.0,447,146.0,3.532,0.046,0.299,0.974,86.0,79.2,0.208,0.185,327.5,2923,
w-nz-christchurch,Christchurch,New Zealand,world,,-43.53333,172.63333,,419200,Oceania,,,89.5,38.8,76.0,662.3,328,28.8,3.311,0.232,0.617,0.975,122.0,66.6,0.349,0.119,321.7,4152,
w-br-santos,Santos,Brazil,world,,-23.96083,-46.33361,,418608,South America,,,6.5,44.5,84.5,618.7,316,114.7,3.325,0.222,0.589,0.969,122.0,68.2,0.359,0.087,281.5,2989,
w-al-tirana,Tirana,Albania,world,,41.32744,19.81866,,418495,Europe,,,78.5,80.8,230.2,745.8,426,108.7,3.522,0.055,0.368,0.938,333.0,123.4,0.113,0.19,429.3,6090,
w-br-petrolina,Petrolina,Brazil,world,,-9.39861,-40.50083,,418444,South America,,,65.5,90.1,248.7,774.6,462,74.5,3.5,0.075,0.193,0.989,nan,129.5,0.266,0.029,417.4,4174,
w-br-maua,Maua,Brazil,world,,-23.66778,-46.46139,,418261,South America,,,6.5,107.1,238.0,740.0,425,112.7,3.564,0.017,0.288,0.935,111.0,90.6,0.15,0.094,348.7,4350,
w-pr-san-juan,San Juan,Puerto Rico,world,,18.46633,-66.10572,,418140,North America,,,69.5,142.8,142.8,544.1,312,108.0,3.556,0.025,0.256,0.965,357.0,15.7,0.268,0.09,72.1,1145,norm_short
w-mx-nuevo-laredo,Nuevo Laredo,Mexico,world,,27.47629,-99.51639,,416055,North America,,,0.5,20.8,27.0,494.6,175,24.2,2.832,0.567,0.869,0.997,96.0,114.4,0.623,0.07,470.0,3182,
w-ch-zuerich,Zuerich,Switzerland,world,,47.36667,8.55,,415367,Europe,,,50.5,101.3,219.8,708.8,394,136.9,3.539,0.04,0.311,0.973,333.0,80.8,0.292,0.113,323.9,5744,
w-us-tampa,Tampa,United States,world,,27.94752,-82.45843,,414547,North America,,,0.5,30.4,66.4,594.1,252,34.8,2.805,0.583,0.687,0.977,81.0,79.9,0.504,0.071,381.3,3899,
w-ru-magnitogorsk,Magnitogorsk,Russia,world,,53.39808,59.0066,,413351,Europe,,,89.5,40.4,42.9,505.2,234,31.2,3.202,0.317,0.568,0.973,nan,13.8,0.362,0.122,110.8,936,norm_short
w-us-tulsa,Tulsa,United States,world,,36.15398,-95.99277,,413066,North America,,,0.5,42.1,84.3,561.8,241,34.6,2.891,0.531,0.712,0.993,109.0,57.2,0.39,0.093,330.5,4529,
w-ve-ciudad-bolivar,Ciudad Bolivar,Venezuela,world,,8.12366,-63.54694,,412619,South America,,,81.5,135.3,218.0,735.6,418,151.9,3.43,0.135,0.336,0.957,nan,62.2,0.255,0.139,281.9,1828,
w-de-wandsbek,Wandsbek,Germany,world,,53.58334,10.08305,,411422,Europe,,,71.5,127.7,221.0,717.6,396,178.3,3.494,0.08,0.485,0.955,185.0,53.2,0.237,0.101,267.0,5728,
w-us-minneapolis,Minneapolis,United States,world,,44.97997,-93.26384,,410939,North America,,,0.5,51.9,113.0,690.1,365,39.0,3.132,0.369,0.474,0.984,200.0,71.2,0.53,0.057,432.1,5197,
w-br-maringa,Maringa,Brazil,world,,-23.42528,-51.93861,,409657,South America,,,20.5,69.3,142.9,744.8,429,89.0,3.398,0.162,0.315,0.984,98.0,93.0,0.494,0.053,399.5,4048,
w-ua-saltivka,Saltivka,Ukraine,world,,50.02207,36.34901,,409300,Europe,,,27.5,137.9,138.3,626.6,332,308.7,3.497,0.077,0.475,0.977,185.0,7.9,0.223,0.206,84.8,802,norm_short
w-pa-panama-city,Panama City,Panama,world,,8.9936,-79.51973,,408168,North America,,,78.5,120.7,201.0,756.8,441,148.6,3.555,0.026,0.29,0.947,111.0,66.1,0.225,0.136,324.0,3000,
w-ru-ivanovo,Ivanovo,Russia,world,,56.99988,40.97257,,406113,Europe,,,83.5,174.0,285.7,768.7,458,181.1,3.536,0.043,0.2,0.987,278.0,48.7,0.356,0.161,272.3,2631,
w-ve-cumana,Cumana,Venezuela,world,,10.4639,-64.17859,,405626,South America,,,81.5,106.7,165.9,638.4,366,111.8,3.517,0.06,0.341,0.969,357.0,69.2,0.249,0.154,253.4,1899,
w-br-caruaru,Caruaru,Brazil,world,,-8.28333,-35.97611,,402290,South America,,,4.5,63.8,218.1,740.7,418,66.8,3.401,0.159,0.451,0.986,nan,183.6,0.295,0.072,573.1,4904,
w-cl-antofagasta,Antofagasta,Chile,world,,-23.65094,-70.39752,,401096,South America,,,30.5,102.6,161.0,541.8,309,95.1,3.399,0.161,0.219,0.982,227.0,65.4,0.32,0.093,214.3,1647,
w-au-sunshine-coast,Sunshine Coast,Australia,world,,-26.65682,153.07955,,398840,Oceania,,,8.5,121.7,162.3,687.0,376,166.8,3.422,0.142,0.414,0.916,161.0,46.4,0.154,0.199,207.8,2328,
w-ua-luhansk,Luhansk,Ukraine,world,,48.56814,39.30553,,397677,Europe,,,85.5,98.7,141.1,701.2,379,152.2,3.284,0.254,0.533,0.961,119.0,39.2,0.343,0.186,254.9,1330,
w-ve-barinas,Barinas,Venezuela,world,,8.62064,-70.23105,,397279,South America,,,64.5,88.2,173.7,736.4,419,146.6,3.39,0.169,0.324,0.949,nan,84.5,0.354,0.156,350.4,2630,
w-br-vitoria-da-conquista,Vitoria da Conquista,Brazil,world,,-14.86611,-40.83944,,396613,South America,,,7.5,66.1,122.4,722.6,402,84.7,3.404,0.157,0.479,0.974,100.0,123.9,0.317,0.052,448.6,4037,
w-us-wichita,Wichita,United States,world,,37.69224,-97.33754,,396119,North America,,,89.5,24.6,37.8,482.6,160,23.2,2.564,0.713,0.847,0.987,114.0,54.0,0.52,0.082,346.9,2248,
w-pl-szczecin,Szczecin,Poland,world,,53.42894,14.55302,,395513,Europe,,,14.5,101.3,188.1,703.7,396,144.0,3.542,0.037,0.328,0.948,nan,66.6,0.248,0.148,273.1,4619,
w-it-bologna,Bologna,Italy,world,,44.49381,11.33875,,394843,Europe,,,26.5,111.4,209.3,731.8,412,131.9,3.456,0.113,0.326,0.944,156.0,80.3,0.272,0.096,316.6,4970,
w-ee-tallinn,Tallinn,Estonia,world,,59.43696,24.75353,,394024,Europe,,,24.5,129.4,216.5,712.7,408,128.2,3.521,0.056,0.254,0.972,217.0,72.6,0.373,0.075,271.8,3866,
w-us-arlington,Arlington,United States,world,,32.73569,-97.10807,,388125,North America,,,0.5,41.4,69.2,540.0,213,52.0,2.791,0.592,0.803,0.948,116.0,46.0,0.305,0.107,267.8,3092,
w-mx-ojo-de-agua,Ojo de Agua,Mexico,world,,19.68028,-99.01,,386290,North America,,,32.5,53.8,110.7,648.7,331,115.1,3.242,0.286,0.61,0.981,62.0,106.8,0.188,0.288,364.7,4650,
w-de-bochum,Bochum,Germany,world,,51.48165,7.21648,,385729,Europe,,,69.5,133.9,249.2,752.1,434,153.6,3.543,0.037,0.318,0.955,238.0,65.2,0.248,0.141,295.0,6309,
w-mx-xico,Xico,Mexico,world,,19.27032,-98.95088,,384327,North America,,,8.5,24.3,40.7,500.9,196,63.8,2.912,0.518,0.779,0.985,83.0,108.0,0.481,0.078,380.5,2067,
w-es-las-palmas-de-gran-canaria,Las Palmas de Gran Canaria,Spain,world,,28.10178,-15.41573,,383516,Europe,,,58.5,62.3,131.6,543.4,311,81.2,3.521,0.056,0.367,0.923,227.0,72.1,0.272,0.101,279.7,3631,
w-nz-wellington,Wellington,New Zealand,world,,-41.28664,174.77557,,381900,Oceania,,,22.5,99.4,147.8,708.3,391,129.0,3.518,0.058,0.344,0.887,333.0,69.9,0.564,0.15,236.4,2675,
w-mx-mazatlan,Mazatlan,Mexico,world,,23.22163,-106.41885,,381583,North America,,,13.5,57.0,123.4,715.6,410,99.7,3.479,0.093,0.293,0.982,93.0,101.8,0.453,0.07,352.5,3069,
w-ru-nizhny-tagil,Nizhny Tagil,Russia,world,,57.91944,59.965,,381116,Europe,,,60.5,184.9,203.3,736.4,424,263.0,3.472,0.099,0.28,0.977,nan,16.4,0.335,0.193,136.6,1048,norm_short
w-mx-irapuato,Irapuato,Mexico,world,,20.671,-101.35577,,380941,North America,,,3.5,74.8,223.4,745.6,423,73.8,3.439,0.128,0.467,0.989,357.0,160.0,0.268,0.1,530.0,5197,
w-cz-brno,Brno,Czechia,world,,49.19522,16.60796,,379466,Europe,,,68.5,134.6,221.7,750.9,435,170.9,3.538,0.041,0.319,0.977,312.0,57.0,0.269,0.154,287.1,5195,
w-ro-iasi,Iasi,Romania,world,,47.16667,27.6,,378954,Europe,,,12.5,144.8,212.1,672.0,378,171.0,3.536,0.043,0.217,0.951,385.0,44.4,0.193,0.109,216.9,2102,
w-nl-utrecht,Utrecht,The Netherlands,world,,52.09083,5.12222,,376435,Europe,,,44.5,91.6,296.0,770.6,456,103.1,3.54,0.039,0.232,0.962,312.0,144.0,0.253,0.131,461.3,8212,
w-us-bakersfield,Bakersfield,United States,world,,35.37329,-119.01871,,373640,North America,,,0.5,25.6,52.0,519.4,195,26.0,2.943,0.498,0.773,0.986,106.0,57.8,0.512,0.091,361.3,2478,
w-gb-cardiff,Cardiff,United Kingdom,world,,51.48,-3.18,,372089,Europe,,,65.5,114.3,230.8,751.6,434,142.2,3.563,0.019,0.325,0.955,385.0,102.2,0.303,0.209,336.2,4806,
w-gb-leicester,Leicester,United Kingdom,world,,52.6386,-1.13169,,368600,Europe,,,25.5,107.8,244.8,756.4,438,125.8,3.504,0.071,0.374,0.95,89.0,113.2,0.189,0.213,390.3,5148,
w-ua-desna,Desna,Ukraine,world,,50.52207,30.68228,,368500,Europe,,,82.5,35.6,35.6,241.1,144,126.2,3.514,0.062,0.483,0.919,333.0,0.5,0.077,0.35,15.9,92,sparse_osm;norm_short
w-ro-sector-6,Sector 6,Romania,world,,44.43579,26.01649,,367760,Europe,,,32.5,97.9,197.4,717.6,401,139.8,3.347,0.204,0.372,0.965,81.0,69.4,0.137,0.163,291.5,3532,
w-it-florence,Florence,Italy,world,,43.77925,11.24626,,367150,Europe,,,32.5,95.4,198.4,740.5,419,124.8,3.479,0.093,0.421,0.955,nan,123.2,0.279,0.07,377.8,5958,
w-gb-bradford,Bradford,United Kingdom,world,,53.79391,-1.75206,,366187,Europe,,,71.5,124.5,288.8,768.9,454,139.9,3.559,0.022,0.299,0.946,357.0,112.9,0.133,0.295,374.8,5376,
w-by-hrodna,Hrodna,Belarus,world,,53.6758,23.82887,,363718,Europe,,,23.5,186.2,224.5,758.8,443,198.5,3.528,0.05,0.282,0.961,156.0,31.7,0.208,0.167,196.9,2297,norm_short
w-se-malmoe,Malmoe,Sweden,world,,55.60587,13.00073,,362133,Europe,,,82.5,109.4,175.0,666.4,380,142.7,3.516,0.06,0.36,0.974,74.0,60.9,0.331,0.141,269.5,3406,
w-nz-manukau-city,Manukau City,New Zealand,world,,-36.99282,174.87986,,362000,Oceania,,,66.5,100.3,155.2,697.1,380,189.1,3.454,0.114,0.436,0.914,385.0,56.0,0.134,0.179,246.6,3864,
w-de-wuppertal,Wuppertal,Germany,world,,51.25627,7.14816,,360797,Europe,,,63.5,137.3,233.4,746.0,426,163.3,3.536,0.043,0.311,0.94,167.0,58.0,0.173,0.186,278.0,4889,
w-ru-ulan-ude,Ulan-Ude,Russia,world,,51.82648,107.59979,,360278,Europe,,,0.5,168.9,205.1,710.4,398,153.7,3.541,0.038,0.376,0.952,357.0,26.1,0.232,0.218,167.2,1821,norm_short
w-by-vitebsk,Vitebsk,Belarus,world,,55.1904,30.2049,,358927,Europe,,,12.5,100.2,133.4,700.6,386,204.6,3.493,0.08,0.433,0.983,nan,38.7,0.295,0.15,206.3,2368,
w-ru-vladimir,Vladimir,Russia,world,,56.13854,40.39976,,357024,Europe,,,26.5,141.0,186.6,715.7,404,270.6,3.479,0.093,0.286,0.981,nan,22.5,0.279,0.156,160.7,1856,norm_short
w-by-mahilyow,Mahilyow,Belarus,world,,53.90876,30.34044,,352896,Europe,,,6.5,181.9,256.8,757.3,442,232.3,3.509,0.067,0.21,0.961,385.0,31.4,0.221,0.247,202.8,1515,
w-ua-pravyi-bereh,Pravyi Bereh,Ukraine,world,,47.11498,37.58519,,352088,Europe,,,13.5,107.7,144.8,657.6,358,221.5,3.431,0.134,0.403,0.984,nan,21.0,0.238,0.134,136.4,2075,norm_short
w-ru-arkhangel-sk,Arkhangel'sk,Russia,world,,64.5461,40.55183,,349742,Europe,,,12.5,127.0,127.0,639.7,346,274.3,3.364,0.189,0.413,0.993,217.0,15.5,0.356,0.091,123.0,1057,norm_short
w-ru-chita,Chita,Russia,world,,52.04311,113.49171,,349005,Europe,,,32.5,51.4,82.5,646.7,327,253.0,3.306,0.236,0.581,0.967,217.0,28.5,0.295,0.158,190.8,1320,norm_short
w-es-alicante,Alicante,Spain,world,,38.34517,-0.48149,,348901,Europe,,,59.5,60.5,139.4,536.8,322,81.7,3.517,0.059,0.292,0.981,385.0,106.4,0.313,0.054,316.4,4329,
w-au-central-coast,Central Coast,Australia,world,,-33.42979,151.37144,,346596,Oceania,,,9.5,107.6,124.0,665.7,346,243.6,3.313,0.231,0.547,0.896,116.0,30.4,0.099,0.293,148.8,1585,norm_short
w-au-logan-city,Logan City,Australia,world,,-27.63917,153.10944,,345098,Oceania,,,9.5,67.3,99.7,655.7,325,159.7,3.219,0.304,0.613,0.946,nan,55.5,0.089,0.21,246.4,3474,
w-pg-port-moresby,Port Moresby,Papua New Guinea,world,,-9.47723,147.15089,,283733,Oceania,,,44.5,176.4,176.4,479.5,290,158.1,3.556,0.025,0.228,0.809,227.0,9.9,0.077,0.254,65.7,575,norm_short
w-au-geelong,Geelong,Australia,world,,-38.14711,144.36069,,282809,Oceania,,,8.5,35.2,50.9,611.7,287,152.1,2.927,0.508,0.488,0.987,93.0,60.1,0.292,0.079,254.2,3248,
w-au-wollongong,Wollongong,Australia,world,,-34.424,150.89345,,280153,Oceania,,,9.5,62.2,83.6,530.6,266,149.4,3.312,0.232,0.602,0.943,104.0,34.2,0.106,0.1,177.0,1807,norm_short
w-au-hobart,Hobart,Australia,world,,-42.87936,147.32941,,254930,Oceania,,,43.5,110.6,160.7,692.5,380,176.2,3.558,0.023,0.307,0.956,111.0,44.6,0.17,0.145,204.2,2123,
w-au-townsville,Townsville,Australia,world,,-19.26639,146.80569,,201313,Oceania,,,6.5,95.2,126.3,720.2,404,172.2,3.358,0.195,0.37,0.958,102.0,52.2,0.257,0.162,229.6,1986,
ph-quezon,Quezon City,Philippines,ph,National Capital Region (NCR),14.65105,121.04863,3084270.0,,Asia,4.38,Special,12.5,83.6,170.4,754.2,438,115.0,3.499,0.076,0.281,0.961,nan,83.2,0.246,0.142,381.6,6325,
ph-manila,City of Manila,Philippines,ph,National Capital Region (NCR),14.59045,120.98036,1902590.0,,Asia,1.58,Special,46.5,88.9,230.1,701.9,410,98.2,3.448,0.12,0.247,0.986,312.0,110.4,0.367,0.083,403.0,6399,
ph-davao,City of Davao,Philippines,ph,Region XI (Davao Region),7.06483,125.60806,1848947.0,,Asia,2.33,1st,76.5,88.9,152.9,676.2,383,165.4,3.477,0.095,0.331,0.976,333.0,63.2,0.238,0.178,260.0,3160,
ph-caloocan,City of Caloocan,Philippines,ph,National Capital Region (NCR),14.65134,120.97238,1712945.0,,Asia,0.79,1st,1.5,61.7,175.0,729.1,408,78.6,3.433,0.133,0.405,0.972,78.0,124.2,0.295,0.145,449.0,5943,
ph-zamboanga,City of Zamboanga,Philippines,ph,Region IX (Zamboanga Peninsula),6.90469,122.07649,1018849.0,,Asia,3.37,1st,87.5,108.6,137.2,521.4,301,113.4,3.381,0.176,0.417,0.921,385.0,47.0,0.095,0.324,156.1,2258,province_matched;norm_short
ph-cebu,City of Cebu,Philippines,ph,Region VII (Central Visayas),10.29349,123.90182,965332.0,,Asia,-7.76,1st,50.5,90.7,142.7,558.4,334,125.5,3.514,0.063,0.197,0.98,263.0,49.6,0.241,0.212,215.3,4120,region_matched
ph-antipolo,City of Antipolo,Philippines,ph,Rizal,14.5872,121.17592,913712.0,,Asia,-1.61,1st,0.5,100.8,258.1,750.8,431,100.4,3.539,0.04,0.393,0.919,nan,111.7,0.112,0.223,391.9,5379,
ph-pasig,City of Pasig,Philippines,ph,National Capital Region (NCR),14.56052,121.07643,853050.0,,Asia,7.45,1st,18.5,94.6,243.8,748.1,428,119.5,3.515,0.061,0.352,0.958,263.0,100.7,0.168,0.223,382.0,8562,
ph-dasmarinas,City of Dasmariñas,Philippines,ph,Cavite,14.32708,120.93709,744511.0,,Asia,7.96,1st (as Mun),73.5,76.9,241.3,742.4,419,81.2,3.409,0.153,0.422,0.933,357.0,181.6,0.155,0.138,489.9,8268,
ph-cagayan-de-oro,City of Cagayan De Oro,Philippines,ph,Region X (Northern Mindanao),8.47564,124.64215,741617.0,,Asia,-5.12,1st,12.5,135.3,241.3,746.2,428,158.3,3.495,0.079,0.387,0.916,357.0,78.6,0.226,0.275,299.4,3833,region_matched
ph-valenzuela,City of Valenzuela,Philippines,ph,National Capital Region (NCR),14.69169,120.96945,725173.0,,Asia,-2.51,1st,62.5,132.2,249.3,733.7,416,153.2,3.465,0.105,0.381,0.94,312.0,77.6,0.079,0.284,305.4,4833,
ph-general-santos,City of General Santos,Philippines,ph,Region XII (SOCCSKSARGEN),6.11222,125.17219,722059.0,,Asia,-0.5,1st,0.5,55.4,85.1,582.2,278,46.3,3.187,0.329,0.676,0.946,78.0,74.6,0.143,0.222,274.8,3282,region_matched
ph-paranaque,City of Parañaque,Philippines,ph,National Capital Region (NCR),14.50081,120.99153,703245.0,,Asia,-0.96,1st,17.5,99.9,174.8,655.6,364,128.5,3.492,0.082,0.43,0.965,333.0,50.3,0.196,0.224,252.1,4669,
ph-san-jose-del-monte,City of San Jose Del Monte,Philippines,ph,Bulacan,14.8102,121.04741,685688.0,,Asia,5.67,1st,89.5,117.6,256.3,753.6,438,117.8,3.54,0.039,0.288,0.903,333.0,117.1,0.14,0.158,348.2,4729,
ph-bacoor,City of Bacoor,Philippines,ph,Cavite,14.45935,120.94019,661381.0,,Asia,-7.64,1st (as Mun),88.5,106.5,171.6,579.4,324,107.9,3.384,0.173,0.339,0.921,333.0,64.8,0.076,0.276,213.9,3816,
ph-bacolod,City of Bacolod,Philippines,ph,Negros Island Region (NIR),10.67628,122.95138,624787.0,,Asia,9.26,1st,22.5,74.0,110.3,572.4,306,147.8,3.28,0.257,0.548,0.945,143.0,61.9,0.231,0.172,260.7,2786,region_matched
ph-las-pinas,City of Las Piñas,Philippines,ph,National Capital Region (NCR),14.4809,120.98179,615549.0,,Asia,-1.57,1st,17.5,88.9,198.8,651.4,362,111.7,3.515,0.061,0.341,0.953,82.0,75.4,0.154,0.228,299.4,5114,
ph-binan,City of Biñan,Philippines,ph,Laguna,14.33883,121.08418,584479.0,,Asia,79.44,1st (as Mun),76.5,100.8,221.9,702.7,394,112.9,3.443,0.124,0.392,0.916,385.0,105.4,0.129,0.198,344.2,4652,
ph-calamba,City of Calamba,Philippines,ph,Laguna,14.20602,121.15565,575046.0,,Asia,7.59,1st,68.5,123.5,202.0,711.1,391,156.1,3.399,0.161,0.539,0.926,294.0,85.5,0.12,0.168,290.7,3828,
ph-muntinlupa,City of Muntinlupa,Philippines,ph,National Capital Region (NCR),14.38926,121.04491,552225.0,,Asia,-0.98,1st,0.5,81.8,163.7,640.9,355,79.0,3.476,0.095,0.43,0.909,357.0,74.9,0.163,0.197,306.9,3649,
ph-lapu-lapu,City of Lapu-Lapu,Philippines,ph,Region VII (Central Visayas),10.31267,123.94882,497813.0,,Asia,-10.75,1st,50.5,151.7,211.2,689.3,382,272.0,3.368,0.186,0.399,0.951,238.0,45.2,0.118,0.347,176.4,3716,region_matched;norm_short
ph-angeles,City of Angeles,Philippines,ph,Region III (Central Luzon),15.13481,120.59069,483452.0,,Asia,3.54,1st,27.5,107.4,264.9,761.3,445,120.0,3.496,0.078,0.332,0.948,250.0,115.2,0.182,0.154,432.7,5056,region_matched
ph-general-trias,City of General Trias,Philippines,ph,Cavite,14.38612,120.88029,482453.0,,Asia,8.93,1st (as Mun),77.5,80.6,221.9,738.3,416,89.0,3.418,0.145,0.421,0.929,385.0,152.0,0.135,0.163,430.8,6327,
ph-imus,City of Imus,Philippines,ph,Cavite,14.42902,120.93658,481949.0,,Asia,-12.18,3rd,88.5,68.3,211.5,732.6,406,69.7,3.282,0.256,0.52,0.925,357.0,195.8,0.091,0.208,510.4,7695,
ph-iloilo,City of Iloilo,Philippines,ph,Region VI (Western Visayas),10.69329,122.57326,473728.0,,Asia,5.8,1st,37.5,122.0,158.5,539.6,310,110.9,3.502,0.073,0.329,0.94,333.0,46.5,0.374,0.182,158.9,2128,region_matched;norm_short
ph-marikina,City of Marikina,Philippines,ph,National Capital Region (NCR),14.63311,121.09935,471323.0,,Asia,3.4,1st,0.5,90.7,233.1,750.9,429,90.3,3.46,0.109,0.415,0.954,333.0,122.1,0.17,0.197,451.7,6860,
ph-mandaluyong,City of Mandaluyong,Philippines,ph,National Capital Region (NCR),14.57744,121.0339,465902.0,,Asia,16.52,1st,38.5,96.6,280.5,763.1,446,109.9,3.548,0.032,0.318,0.963,357.0,111.6,0.262,0.103,446.9,9529,
ph-pasay,Pasay City,Philippines,ph,National Capital Region (NCR),14.5437,120.99465,453186.0,,Asia,1.64,1st,62.5,56.1,152.0,706.7,392,88.5,3.424,0.14,0.292,0.985,nan,86.4,0.324,0.098,366.5,6259,
ph-rodriguez,Rodriguez,Philippines,ph,Rizal,14.76352,121.25392,451383.0,,Asia,-2.7,1st,32.5,148.8,148.8,321.9,210,161.6,3.554,0.027,0.262,0.717,156.0,0.4,0.0,0.471,12.2,15,centroid_fallback;sparse_osm;norm_short
ph-santa-rosa,City of Santa Rosa,Philippines,ph,Laguna,14.3146,121.1137,430920.0,,Asia,2.8,1st,77.5,71.8,144.0,580.3,333,92.4,3.399,0.161,0.481,0.934,357.0,109.2,0.121,0.188,319.4,4187,
ph-tarlac,City of Tarlac,Philippines,ph,Tarlac,15.48612,120.58935,401892.0,,Asia,2.2,1st,87.5,139.5,244.0,762.6,447,142.9,3.565,0.017,0.274,0.908,227.0,81.6,0.115,0.226,311.0,2923,
ph-taytay,Taytay,Philippines,ph,Rizal,14.55871,121.13597,397111.0,,Asia,-1.02,1st,55.5,72.4,190.4,739.9,433,118.1,3.529,0.049,0.295,0.937,385.0,133.4,0.139,0.273,433.7,7158,
ph-malabon,City of Malabon,Philippines,ph,National Capital Region (NCR),14.65785,120.95113,389929.0,,Asia,-0.15,1st,1.5,110.6,217.5,712.5,415,112.7,3.434,0.131,0.226,0.968,nan,79.7,0.234,0.19,274.1,4057,
ph-lipa,City of Lipa,Philippines,ph,Batangas,13.94143,121.16428,387392.0,,Asia,0.29,1st,69.5,90.2,158.7,672.0,337,139.2,3.101,0.391,0.727,0.934,278.0,110.1,0.091,0.198,341.5,4051,
ph-cainta,Cainta,Philippines,ph,Rizal,14.57802,121.11631,386321.0,,Asia,0.47,1st,1.5,97.3,284.5,768.4,453,97.2,3.537,0.042,0.32,0.957,294.0,141.0,0.144,0.224,471.3,7611,
ph-butuan,City of Butuan,Philippines,ph,Region XIII (Caraga),8.94771,125.54321,385530.0,,Asia,1.95,1st,0.5,107.4,145.8,697.2,377,95.5,3.375,0.181,0.455,0.942,161.0,53.5,0.189,0.268,220.4,1740,region_matched
ph-cotabato,City of Cotabato,Philippines,ph,Maguindanao del Norte,7.22376,124.24671,383383.0,,Asia,32.89,3rd,28.5,94.6,110.4,615.6,304,207.4,3.157,0.351,0.69,0.939,263.0,35.8,0.195,0.28,170.2,1004,norm_short
ph-san-fernando,City of San Fernando,Philippines,ph,Pampanga,15.0283,120.6938,377534.0,,Asia,7.03,1st,50.5,110.2,187.2,709.9,392,173.0,3.449,0.119,0.422,0.944,nan,73.8,0.149,0.239,314.0,3566,
ph-baguio,City of Baguio,Philippines,ph,Cordillera Administrative Region (CAR),16.41199,120.59339,368426.0,,Asia,-6.28,1st,0.5,163.9,288.7,768.1,454,164.6,3.574,0.008,0.256,0.861,294.0,65.4,0.068,0.319,290.4,3950,region_matched
ph-iligan,City of Iligan,Philippines,ph,Region X (Northern Mindanao),8.22816,124.24115,368132.0,,Asia,-3.64,1st* (reclass 2005),8.5,129.9,160.4,652.2,374,174.8,3.555,0.026,0.307,0.919,nan,44.4,0.195,0.248,189.1,1472,region_matched;norm_short
ph-cabuyao,City of Cabuyao,Philippines,ph,Laguna,14.28014,121.12348,365202.0,,Asia,-0.6,1st (as Mun),77.5,101.9,207.4,711.8,389,113.4,3.274,0.262,0.455,0.922,357.0,117.5,0.118,0.157,335.4,4253,
ph-mandaue,City of Mandaue,Philippines,ph,Region VII (Central Visayas),10.3269,123.94273,364482.0,,Asia,-9.68,1st,50.5,156.8,227.4,699.3,395,260.3,3.425,0.139,0.366,0.971,357.0,50.4,0.13,0.33,211.4,3722,region_matched
ph-batangas,Batangas City,Philippines,ph,Batangas,13.75526,121.05908,358267.0,,Asia,0.65,1st,89.5,119.5,159.0,657.9,362,121.3,3.375,0.181,0.464,0.917,385.0,57.6,0.158,0.25,209.3,2563,
ph-san-pedro,City of San Pedro,Philippines,ph,Laguna,14.36394,121.05677,348968.0,,Asia,11.6,3rd,80.5,88.0,199.8,675.5,377,109.5,3.487,0.086,0.363,0.913,333.0,86.1,0.131,0.179,331.2,4475,
ph-cabanatuan,City of Cabanatuan,Philippines,ph,Nueva Ecija,15.4905,120.96843,343672.0,,Asia,4.85,1st,68.5,114.4,181.6,735.8,416,157.9,3.493,0.081,0.405,0.92,357.0,73.1,0.156,0.186,292.7,1978,
ph-tanza,Tanza,Philippines,ph,Cavite,14.40067,120.85728,339308.0,,Asia,11.5,1st,72.5,103.3,213.6,717.1,397,113.4,3.471,0.1,0.342,0.897,333.0,96.4,0.134,0.179,304.4,4354,
ph-santa-maria,Santa Maria,Philippines,ph,Bulacan,14.8188,120.96071,322525.0,,Asia,19.15,1st,89.5,155.8,207.3,753.5,436,162.4,3.508,0.067,0.317,0.888,333.0,55.8,0.109,0.292,215.9,2742,
ph-binangonan,Binangonan,Philippines,ph,Rizal,14.46476,121.19234,321281.0,,Asia,0.37,1st,48.5,173.8,188.0,538.6,334,148.0,3.55,0.03,0.149,0.921,294.0,37.2,0.085,0.355,135.4,1717,norm_short
ph-puerto-princesa,City of Puerto Princesa,Philippines,ph,MIMAROPA Region,9.73986,118.74382,316384.0,,Asia,1.45,1st,1.5,96.2,108.2,553.5,282,100.8,3.199,0.319,0.623,0.955,238.0,39.8,0.117,0.245,159.4,1178,name_unique_match;norm_short
ph-silang,Silang,Philippines,ph,Cavite,14.2234,120.97428,313145.0,,Asia,6.72,1st,81.5,135.1,161.4,697.5,375,139.8,3.262,0.271,0.521,0.898,357.0,46.0,0.118,0.237,197.7,1885,norm_short
ph-mabalacat,Mabalacat City,Philippines,ph,Pampanga,15.22508,120.57338,306594.0,,Asia,2.52,3rd,74.5,83.8,132.6,699.6,371,162.7,3.291,0.248,0.421,0.953,217.0,59.4,0.147,0.155,251.7,2626,
ph-san-pablo,City of San Pablo,Philippines,ph,Laguna,14.07005,121.3256,300166.0,,Asia,7.13,1st,61.5,140.8,217.3,730.8,409,194.0,3.44,0.126,0.439,0.932,238.0,71.5,0.128,0.185,250.4,2460,
ph-tagum,City of Tagum,Philippines,ph,Davao del Norte,7.44708,125.80949,300042.0,,Asia,-3.95,1st,38.5,109.9,181.7,764.1,451,108.3,3.443,0.124,0.26,0.948,385.0,92.0,0.149,0.265,343.0,3256,
ph-lucena,City of Lucena,Philippines,ph,Region IV-A (CALABARZON),13.93577,121.61286,280331.0,,Asia,-5.64,2nd,64.5,118.5,219.3,736.7,420,124.8,3.519,0.058,0.334,0.93,312.0,97.9,0.196,0.133,312.7,2754,region_matched
ph-san-mateo,San Mateo,Philippines,ph,Rizal,14.69519,121.1174,276449.0,,Asia,-2.7,1st,22.5,91.9,216.6,736.3,416,130.3,3.475,0.097,0.389,0.948,333.0,121.3,0.122,0.216,394.0,5410,
ph-malolos,City of Malolos,Philippines,ph,Bulacan,14.84376,120.81137,269809.0,,Asia,4.69,3rd,64.5,142.5,214.4,707.4,395,184.3,3.474,0.097,0.371,0.916,278.0,57.7,0.113,0.246,210.2,2600,
ph-olongapo,City of Olongapo,Philippines,ph,Region III (Central Luzon),14.83888,120.28436,264903.0,,Asia,-0.02,1st,2.5,135.1,156.2,698.5,385,155.0,3.502,0.073,0.304,0.937,nan,40.7,0.224,0.218,188.9,1456,region_matched;norm_short
ph-talisay,City of Talisay,Philippines,ph,Cebu,10.24302,123.84882,263832.0,,Asia,-8.22,3rd,40.5,124.6,177.6,533.9,330,138.3,3.567,0.015,0.235,0.925,357.0,52.7,0.071,0.348,169.0,3154,norm_short
ph-marilao,Marilao,Philippines,ph,Bulacan,14.7576,120.94847,263507.0,,Asia,1.34,1st,62.5,71.5,97.5,637.2,353,158.6,3.375,0.18,0.49,0.919,294.0,65.7,0.114,0.224,243.0,2988,
ph-marawi,City of Marawi,Philippines,ph,Lanao del Sur,8.00473,124.28544,259993.0,,Asia,46.79,4th,63.5,213.3,232.7,731.9,414,257.8,3.548,0.033,0.341,0.879,250.0,27.4,0.111,0.251,126.7,861,norm_short
ph-tacloban,City of Tacloban,Philippines,ph,Region VIII (Eastern Visayas),11.24316,125.00829,259353.0,,Asia,-0.24,1st,39.5,111.9,111.9,477.2,270,193.6,3.547,0.033,0.307,0.92,357.0,16.0,0.178,0.243,77.1,898,region_matched;norm_short
ph-navotas,City of Navotas,Philippines,ph,National Capital Region (NCR),14.65719,120.94797,252878.0,,Asia,-1.87,2nd,47.5,52.6,88.4,537.8,312,119.9,3.447,0.12,0.383,0.968,333.0,71.4,0.235,0.188,239.7,3665,
ph-ormoc,Ormoc City,Philippines,ph,Leyte,11.00526,124.60906,238545.0,,Asia,0.16,1st,18.5,140.9,140.9,607.5,341,190.8,3.493,0.081,0.333,0.929,227.0,26.0,0.163,0.261,110.6,878,norm_short
ph-naic,Naic,Philippines,ph,Cavite,14.31918,120.76425,236978.0,,Asia,83.26,1st,58.5,106.7,131.3,583.1,322,187.0,3.36,0.193,0.535,0.889,333.0,75.5,0.133,0.271,207.6,2965,
ph-meycauayan,City of Meycauayan,Philippines,ph,Bulacan,14.7345,120.95716,228023.0,,Asia,-3.64,3rd,62.5,79.6,158.2,671.3,356,182.2,3.359,0.194,0.523,0.942,312.0,64.8,0.1,0.262,237.4,3412,
ph-trece-martires,City of Trece Martires,Philippines,ph,Cavite,14.28222,120.8684,227892.0,,Asia,9.62,4th,73.5,118.8,229.3,730.5,409,116.7,3.459,0.11,0.417,0.898,357.0,124.2,0.148,0.135,331.0,3983,
ph-sto.-tomas,City of Sto. Tomas,Philippines,ph,Batangas,14.05885,121.18865,226772.0,,Asia,0.93,1st (as Mun),66.5,102.9,116.3,612.8,294,167.7,3.148,0.357,0.721,0.892,nan,25.6,0.112,0.202,112.4,1605,centroid_fallback;norm_short
ph-valencia,City of Valencia,Philippines,ph,Bukidnon,7.90288,125.0898,223620.0,,Asia,-3.12,2nd,24.5,191.4,229.7,731.9,413,204.3,3.532,0.047,0.284,0.903,294.0,29.0,0.114,0.213,150.6,754,norm_short
ph-panabo,City of Panabo,Philippines,ph,Davao del Norte,7.29987,125.68071,211242.0,,Asia,-4.96,3rd,0.5,98.5,130.9,685.7,361,99.0,3.302,0.24,0.502,0.941,333.0,72.0,0.118,0.215,258.0,1979,
ph-kabankalan,City of Kabankalan,Philippines,ph,Negros Occidental,9.98892,122.81348,210893.0,,Asia,6.24,1st,9.5,125.9,125.7,701.5,378,174.9,3.483,0.089,0.426,0.914,75.0,26.3,0.129,0.136,128.4,639,norm_short
ph-legazpi,City of Legazpi,Philippines,ph,Albay,13.13885,123.73457,210616.0,,Asia,-6.52,2nd,0.5,138.8,203.9,729.8,410,138.0,3.539,0.04,0.367,0.871,263.0,65.4,0.111,0.258,239.3,1976,
ph-naga,City of Naga,Philippines,ph,Camarines Sur,13.62401,123.18503,210545.0,,Asia,-6.12,2nd,2.5,143.7,188.1,692.8,383,145.2,3.516,0.06,0.33,0.94,333.0,55.3,0.142,0.213,206.2,2056,
ph-tanauan,City of Tanauan,Philippines,ph,Batangas,14.08524,121.15279,209697.0,,Asia,12.08,2nd,64.5,99.8,177.9,696.3,367,166.9,3.126,0.373,0.607,0.903,156.0,92.4,0.117,0.161,290.7,2666,
ph-san-carlos,City of San Carlos,Philippines,ph,Pangasinan,15.92677,120.34756,208330.0,,Asia,-3.3,3rd,67.5,197.9,201.4,686.2,377,332.4,3.406,0.155,0.445,0.896,238.0,10.4,0.107,0.311,93.8,477,norm_short
ph-toledo,City of Toledo,Philippines,ph,Cebu,10.37494,123.63441,206692.0,,Asia,-11.25,3rd,56.5,115.5,115.5,531.7,296,314.2,3.537,0.042,0.384,0.91,nan,8.2,0.098,0.339,61.5,399,norm_short
ph-pagadian,City of Pagadian,Philippines,ph,Zamboanga del Sur,7.82497,123.43658,206483.0,,Asia,-14.2,2nd,77.5,73.8,72.2,628.6,330,178.0,3.527,0.051,0.439,0.917,111.0,36.0,0.228,0.245,155.8,1128,norm_short
ph-koronadal,City of Koronadal,Philippines,ph,South Cotabato,6.5004,124.84354,201844.0,,Asia,0.3,3rd,40.5,34.7,50.5,523.7,181,251.9,2.704,0.64,0.891,0.975,68.0,52.4,0.209,0.203,241.7,1829,
ph-malaybalay,City of Malaybalay,Philippines,ph,Bukidnon,8.15504,125.13057,195046.0,,Asia,-6.07,1st,58.5,116.6,136.6,680.5,364,177.5,3.537,0.042,0.334,0.914,312.0,33.9,0.124,0.163,143.0,975,norm_short
ph-bago,City of Bago,Philippines,ph,Negros Occidental,10.53763,122.83528,192993.0,,Asia,0.92,2nd,83.5,71.2,71.2,576.3,320,135.1,3.537,0.042,0.304,0.924,357.0,21.1,0.134,0.167,94.5,652,norm_short
ph-digos,City of Digos,Philippines,ph,Davao del Sur,6.7441,125.35553,192063.0,,Asia,-2.79,2nd,3.5,55.2,75.5,641.9,308,108.8,3.092,0.398,0.709,0.972,74.0,71.5,0.166,0.2,294.1,1969,
ph-lubao,Lubao,Philippines,ph,Pampanga,14.93781,120.6005,190355.0,,Asia,14.84,1st,20.5,174.1,174.1,579.5,320,247.4,3.425,0.139,0.422,0.929,312.0,10.8,0.078,0.349,69.3,791,norm_short
ph-calbayog,City of Calbayog,Philippines,ph,Samar,12.06696,124.59467,187848.0,,Asia,-5.12,1st,26.5,89.5,89.5,538.7,296,163.4,3.512,0.064,0.438,0.882,333.0,15.9,0.241,0.235,71.3,410,norm_short
ph-sorsogon,City of Sorsogon,Philippines,ph,Sorsogon,12.97078,124.00525,187670.0,,Asia,-0.8,3rd,39.5,248.8,248.8,686.2,398,146.8,3.537,0.042,0.134,0.904,385.0,22.0,0.138,0.214,101.1,654,norm_short
ph-mexico,Mexico,Philippines,ph,Pampanga,15.06435,120.72054,187597.0,,Asia,10.87,1st,42.5,113.2,156.2,702.5,384,187.6,3.484,0.088,0.412,0.93,250.0,41.8,0.134,0.238,167.8,2147,norm_short
ph-roxas,City of Roxas,Philippines,ph,Capiz,11.58316,122.75256,185236.0,,Asia,2.63,3rd,0.5,131.9,180.4,718.8,398,131.6,3.434,0.131,0.493,0.88,312.0,66.7,0.144,0.192,236.0,1768,
ph-san-miguel,San Miguel,Philippines,ph,Bulacan,15.14053,120.97706,179792.0,,Asia,4.58,1st,69.5,178.7,191.0,735.8,416,260.9,3.545,0.035,0.306,0.918,nan,18.5,0.108,0.339,119.5,806,norm_short
ph-concepcion,Concepcion,Philippines,ph,Tarlac,15.32485,120.65539,178549.0,,Asia,4.08,1st,31.5,146.0,144.3,747.9,431,170.0,3.478,0.094,0.212,0.924,nan,31.8,0.136,0.299,148.6,1157,norm_short
ph-surigao,City of Surigao,Philippines,ph,Surigao del Norte,9.7905,125.49357,177333.0,,Asia,3.53,3rd,16.5,67.1,67.1,429.6,248,123.6,3.477,0.095,0.431,0.939,294.0,17.8,0.261,0.221,80.1,663,norm_short
ph-gen.-mariano-alvarez,Gen. Mariano Alvarez,Philippines,ph,Cavite,14.30562,121.01555,176927.0,,Asia,-0.79,1st,86.5,140.3,244.2,760.5,446,143.9,3.542,0.037,0.249,0.923,278.0,94.6,0.23,0.188,281.9,4943,centroid_fallback
ph-polomolok,Polomolok,Philippines,ph,South Cotabato,6.22024,125.06281,176671.0,,Asia,-3.3,1st,44.5,51.4,58.6,575.7,252,246.9,2.613,0.688,0.818,0.93,nan,49.0,0.164,0.267,215.4,1511,
ph-dagupan,City of Dagupan,Philippines,ph,Pangasinan,16.04302,120.33376,174777.0,,Asia,-6.04,2nd,65.5,157.6,169.9,651.4,347,231.4,3.25,0.281,0.506,0.935,227.0,22.7,0.108,0.346,113.6,1140,norm_short
ph-baliwag,City of Baliwag,Philippines,ph,Bulacan,14.95423,120.90092,174194.0,,Asia,3.01,1st (as Mun),76.5,150.7,230.7,749.3,431,156.3,3.506,0.069,0.319,0.905,278.0,64.4,0.119,0.234,258.2,2043,
ph-sariaya,Sariaya,Philippines,ph,Quezon,13.96298,121.52434,172018.0,,Asia,6.32,1st,72.5,102.0,102.3,642.9,331,177.3,3.333,0.215,0.576,0.925,263.0,23.3,0.168,0.225,116.9,720,norm_short
ph-tuguegarao,Tuguegarao City,Philippines,ph,Cagayan,17.61189,121.73004,167297.0,,Asia,-3.38,3rd,84.5,120.8,129.6,606.0,312,113.2,3.258,0.275,0.657,0.944,385.0,28.7,0.174,0.309,140.0,1182,norm_short
ph-ilagan,City of Ilagan,Philippines,ph,Isabela,17.14863,121.88865,164020.0,,Asia,1.82,1st (as Mun),89.5,179.1,179.1,619.8,337,184.6,3.515,0.061,0.327,0.9,nan,12.1,0.165,0.252,74.4,551,norm_short
ph-pandi,Pandi,Philippines,ph,Bulacan,14.86541,120.95725,162725.0,,Asia,4.74,2nd,89.5,140.5,194.8,721.8,399,144.7,3.497,0.077,0.374,0.889,385.0,57.7,0.125,0.233,181.7,2344,norm_short
ph-capas,Capas,Philippines,ph,Tarlac,15.33603,120.58958,162724.0,,Asia,1.02,1st,67.5,181.0,233.3,744.3,430,187.3,3.555,0.026,0.241,0.916,385.0,43.3,0.081,0.268,170.4,1404,norm_short
ph-cadiz,City of Cadiz,Philippines,ph,Negros Occidental,10.95665,123.3057,161558.0,,Asia,2.19,2nd,30.5,116.7,116.7,478.6,269,224.2,3.451,0.117,0.436,0.886,357.0,16.2,0.168,0.127,69.2,486,norm_short
ph-danao,Danao City,Philippines,ph,Cebu,10.51956,124.02713,161307.0,,Asia,-2.39,3rd,34.5,195.2,195.2,663.9,384,165.7,3.534,0.045,0.295,0.92,278.0,17.6,0.143,0.301,79.3,685,norm_short
ph-kidapawan,City of Kidapawan,Philippines,ph,Cotabato,7.00958,125.0905,160864.0,,Asia,-8.65,3rd,13.5,151.2,173.8,703.2,382,206.2,3.188,0.328,0.381,0.951,385.0,43.9,0.164,0.24,193.8,1217,norm_short
ph-liloan,Liloan,Philippines,ph,Cebu,10.42563,123.97264,158387.0,,Asia,-0.62,1st,36.5,167.8,172.7,690.0,377,201.5,3.565,0.017,0.277,0.877,294.0,24.5,0.078,0.268,113.7,1933,centroid_fallback;norm_short
ph-san-jose,San Jose City,Philippines,ph,Nueva Ecija,15.79174,120.98914,156714.0,,Asia,3.15,3rd,36.5,173.7,199.1,724.3,404,198.5,3.541,0.038,0.193,0.924,333.0,28.2,0.143,0.231,154.7,962,norm_short
ph-mariveles,Mariveles,Philippines,ph,Bataan,14.4356,120.49034,156200.0,,Asia,1.7,1st,0.5,170.4,170.4,597.2,325,169.9,3.558,0.023,0.274,0.877,278.0,13.6,0.147,0.253,80.8,454,norm_short
ph-minglanilla,Minglanilla,Philippines,ph,Cebu,10.24603,123.79606,155934.0,,Asia,-0.62,1st,77.5,128.7,176.4,623.0,360,156.2,3.527,0.051,0.373,0.92,357.0,63.8,0.066,0.317,204.1,2888,
ph-consolacion,Consolacion,Philippines,ph,Cebu,10.37578,123.95699,153931.0,,Asia,-0.82,1st,37.5,154.4,273.0,750.2,433,184.2,3.533,0.046,0.311,0.908,385.0,83.7,0.084,0.328,274.6,4675,
ph-datu-odin-sinsuat,Datu Odin Sinsuat,Philippines,ph,Maguindanao del Norte,7.02356,124.31571,152907.0,,Asia,55.06,2nd,50.5,159.8,159.8,706.3,403,216.9,3.492,0.082,0.318,0.928,nan,6.9,0.203,0.252,65.2,241,norm_short
ph-sagay,City of Sagay,Philippines,ph,Negros Occidental,10.89607,123.41546,152543.0,,Asia,2.5,3rd,25.5,165.7,165.7,696.9,385,199.4,3.548,0.032,0.281,0.876,250.0,18.0,0.143,0.153,97.8,454,norm_short
ph-jolo,Jolo,Philippines,ph,Sulu,6.05312,121.00076,152067.0,,Asia,16.51,1st,30.5,115.8,115.8,584.1,331,147.5,3.532,0.046,0.379,0.919,385.0,22.3,0.108,0.183,100.6,457,norm_short
ph-isabela,City of Isabela,Philippines,ph,Region IX (Zamboanga Peninsula),6.70536,121.97106,151297.0,,Asia,30.86,4th,0.5,206.7,206.7,679.4,374,208.3,3.503,0.072,0.318,0.888,294.0,11.6,0.076,0.327,75.8,358,norm_short
ph-arayat,Arayat,Philippines,ph,Pampanga,15.15048,120.77269,150949.0,,Asia,1.39,1st,15.5,227.4,230.7,705.8,401,190.8,3.52,0.057,0.232,0.932,294.0,25.0,0.072,0.307,119.7,879,norm_short
ph-santiago,City of Santiago,Philippines,ph,Isabela,16.6916,121.54786,150313.0,,Asia,-5.05,1st,70.5,141.3,169.1,735.6,418,188.8,3.56,0.022,0.262,0.953,385.0,41.4,0.272,0.205,193.8,1115,norm_short
ph-mati,City of Mati,Philippines,ph,Davao Oriental,6.95217,126.21668,148672.0,,Asia,-8.09,5th,44.5,136.4,136.4,601.8,339,192.9,3.529,0.049,0.326,0.918,nan,23.4,0.156,0.214,107.5,718,norm_short
ph-calapan,City of Calapan,Philippines,ph,Oriental Mindoro,13.41455,121.17954,148558.0,,Asia,-1.77,3rd,27.5,140.0,140.0,653.4,353,179.0,3.467,0.103,0.374,0.888,333.0,30.6,0.125,0.209,125.0,827,norm_short
ph-bocaue,Bocaue,Philippines,ph,Bulacan,14.79542,120.92536,147755.0,,Asia,3.34,1st,62.5,98.8,121.1,554.0,315,179.5,3.476,0.096,0.473,0.912,143.0,34.8,0.138,0.292,148.3,2060,norm_short
ph-porac,Porac,Philippines,ph,Pampanga,15.07265,120.54302,147551.0,,Asia,1.2,1st,53.5,204.2,224.6,721.3,402,264.2,3.437,0.129,0.256,0.919,250.0,19.6,0.09,0.301,104.0,1182,norm_short
ph-floridablanca,Floridablanca,Philippines,ph,Pampanga,14.9746,120.52772,146095.0,,Asia,11.09,1st,37.5,168.3,185.7,718.7,401,290.1,3.457,0.112,0.462,0.94,116.0,24.6,0.101,0.321,140.3,1310,norm_short
ph-urdaneta,City of Urdaneta,Philippines,ph,Pangasinan,15.976,120.5669,145935.0,,Asia,-3.13,2nd,88.5,152.9,176.3,697.2,373,159.2,3.34,0.209,0.5,0.898,nan,23.6,0.112,0.28,147.5,1061,norm_short
ph-tanay,Tanay,Philippines,ph,Rizal,14.49854,121.28563,145597.0,,Asia,2.64,1st,68.5,199.9,199.9,610.7,349,214.0,3.545,0.035,0.279,0.947,238.0,18.9,0.131,0.29,91.6,732,norm_short
ph-malasiqui,Malasiqui,Philippines,ph,Pangasinan,15.91991,120.41382,144344.0,,Asia,-4.32,1st,63.5,232.4,232.4,674.7,373,292.9,3.374,0.182,0.415,0.89,312.0,7.5,0.075,0.305,83.7,416,norm_short
ph-ozamiz,City of Ozamiz,Philippines,ph,Misamis Occidental,8.14702,123.84598,143620.0,,Asia,-3.1,3rd,47.5,79.9,79.9,498.8,289,240.9,3.45,0.118,0.406,0.929,nan,22.4,0.221,0.252,96.8,708,norm_short
ph-cauayan,City of Cauayan,Philippines,ph,Isabela,16.9346,121.77444,143539.0,,Asia,-5.97,3rd,10.5,137.9,151.7,712.6,389,177.7,3.515,0.062,0.421,0.938,263.0,29.6,0.123,0.212,154.0,923,norm_short
ph-san-jose-occidental-mindoro,San Jose,Philippines,ph,Occidental Mindoro,12.35398,121.0675,143495.0,,Asia,-22.39,1st,34.5,107.2,107.2,540.9,296,212.6,3.412,0.15,0.389,0.964,67.0,31.2,0.166,0.25,131.3,886,norm_short
ph-la-trinidad,La Trinidad,Philippines,ph,Benguet,16.44978,120.59009,142925.0,,Asia,0.42,1st,0.5,229.4,263.3,752.2,436,229.9,3.574,0.009,0.256,0.845,nan,30.6,0.055,0.415,157.7,2051,norm_short
ph-dumaguete,City of Dumaguete,Philippines,ph,Negros Oriental,9.30548,123.30804,142171.0,,Asia,9.64,3rd,1.5,121.8,146.3,489.6,293,119.7,3.249,0.281,0.495,0.936,208.0,31.2,0.141,0.335,147.4,1562,norm_short
ph-nasugbu,Nasugbu,Philippines,ph,Batangas,14.07326,120.63265,141063.0,,Asia,0.81,1st,79.5,73.6,73.6,554.8,287,116.8,3.373,0.182,0.536,0.93,69.0,19.3,0.164,0.167,93.8,606,norm_short
ph-tabaco,City of Tabaco,Philippines,ph,Albay,13.35931,123.7302,140779.0,,Asia,-7.75,4th,76.5,121.4,121.4,509.4,284,195.7,3.403,0.158,0.426,0.935,nan,16.4,0.134,0.244,85.8,618,norm_short
ph-norzagaray,Norzagaray,Philippines,ph,Bulacan,14.90557,121.04226,140697.0,,Asia,0.15,1st,82.5,206.6,214.7,713.8,395,231.9,3.552,0.029,0.36,0.872,156.0,16.9,0.069,0.314,105.0,847,norm_short
ph-carcar,City of Carcar,Philippines,ph,Cebu,10.10556,123.64067,140308.0,,Asia,-2.56,5th,44.5,224.2,225.6,720.6,409,292.5,3.559,0.022,0.283,0.908,217.0,19.4,0.064,0.329,110.8,912,norm_short
ph-gingoog,City of Gingoog,Philippines,ph,Misamis Oriental,8.82327,125.1013,138895.0,,Asia,-6.15,2nd,76.5,76.1,76.1,553.3,292,135.9,3.469,0.101,0.429,0.941,82.0,21.9,0.238,0.242,96.0,523,norm_short
ph-naga-cebu,City of Naga,Philippines,ph,Cebu,10.20847,123.7591,138727.0,,Asia,-0.25,5th,50.5,180.0,180.0,511.4,301,257.1,3.527,0.051,0.281,0.908,312.0,11.8,0.099,0.335,60.0,850,norm_short
ph-daraga,Daraga,Philippines,ph,Albay,13.14797,123.71208,138000.0,,Asia,-0.12,1st,89.5,147.5,210.4,727.1,405,167.0,3.559,0.022,0.301,0.866,nan,35.8,0.117,0.305,157.0,1629,norm_short
ph-guagua,Guagua,Philippines,ph,Pampanga,14.96541,120.63363,137948.0,,Asia,11.43,1st,34.5,163.5,172.4,637.0,343,265.8,3.488,0.085,0.385,0.926,312.0,22.6,0.087,0.281,116.3,1127,norm_short
ph-candelaria,Candelaria,Philippines,ph,Quezon,13.9289,121.42468,137933.0,,Asia,-7.39,1st,0.5,119.3,156.5,677.7,353,125.7,3.201,0.318,0.578,0.925,250.0,39.7,0.136,0.225,174.8,1179,norm_short
ph-talavera,Talavera,Philippines,ph,Nueva Ecija,15.58426,120.9184,137444.0,,Asia,3.86,1st,0.5,151.9,158.4,679.1,361,150.1,3.514,0.062,0.443,0.919,278.0,14.4,0.106,0.31,111.9,579,norm_short
ph-silay,City of Silay,Philippines,ph,Negros Occidental,10.79941,122.97561,136802.0,,Asia,9.6,3rd,24.5,86.3,97.8,595.2,301,142.7,3.127,0.372,0.631,0.869,250.0,55.4,0.116,0.169,187.8,1395,norm_short
ph-hagonoy,Hagonoy,Philippines,ph,Bulacan,14.8355,120.73352,136673.0,,Asia,1.24,1st,6.5,188.3,188.3,534.6,303,185.1,3.504,0.071,0.318,0.883,263.0,7.0,0.086,0.315,51.1,511,norm_short
ph-dipolog,City of Dipolog,Philippines,ph,Zamboanga del Norte,8.58636,123.34488,136528.0,,Asia,-8.1,3rd,12.5,87.8,87.8,523.3,288,170.7,3.375,0.18,0.523,0.929,nan,22.2,0.238,0.254,110.4,664,norm_short
ph-angono,Angono,Philippines,ph,Rizal,14.52585,121.15297,134975.0,,Asia,1.5,1st,55.5,99.5,168.9,621.8,352,154.9,3.517,0.06,0.376,0.946,312.0,66.0,0.142,0.247,245.9,3781,
ph-san-juan,City of San Juan,Philippines,ph,National Capital Region (NCR),14.60444,121.02995,134312.0,,Asia,12.09,1st,65.5,109.0,261.9,765.6,450,126.3,3.508,0.068,0.331,0.959,70.0,92.8,0.264,0.147,412.4,7500,
ph-magalang,Magalang,Philippines,ph,Pampanga,15.21409,120.66163,133883.0,,Asia,10.5,1st,78.5,161.0,178.8,714.5,392,196.4,3.368,0.186,0.435,0.92,357.0,36.2,0.109,0.29,164.5,1953,norm_short
ph-san-carlos-negros-occidental,City of San Carlos,Philippines,ph,Negros Occidental,10.48605,123.41904,133175.0,,Asia,-3.88,2nd,36.5,97.8,97.8,486.0,261,174.2,3.417,0.146,0.402,0.91,nan,23.3,0.18,0.145,101.1,560,norm_short
ph-bongao,Bongao,Philippines,ph,Tawi-Tawi,5.02897,119.77131,131887.0,,Asia,26.48,2nd,74.5,194.3,194.3,597.6,330,194.7,3.549,0.031,0.265,0.914,294.0,7.4,0.113,0.29,49.9,244,norm_short
ph-guimba,Guimba,Philippines,ph,Nueva Ecija,15.66035,120.76691,131468.0,,Asia,4.23,1st,1.5,131.9,131.9,687.3,358,140.8,3.397,0.162,0.524,0.907,161.0,14.0,0.175,0.294,101.9,443,norm_short
ph-rosario,Rosario,Philippines,ph,Batangas,13.84516,121.20338,131365.0,,Asia,-0.64,1st,82.5,117.9,124.9,617.1,305,162.0,3.043,0.432,0.731,0.895,294.0,28.4,0.115,0.26,132.7,1115,norm_short
ph-santo-tomas,Santo Tomas,Philippines,ph,Davao del Norte,7.53284,125.62322,131100.0,,Asia,-1.65,1st,0.5,53.3,53.7,502.3,208,38.6,3.074,0.41,0.814,0.939,263.0,17.7,0.113,0.239,112.7,570,norm_short
ph-gapan,City of Gapan,Philippines,ph,Nueva Ecija,15.31228,120.94794,129610.0,,Asia,6.05,4th,76.5,174.7,196.4,719.1,400,208.9,3.502,0.073,0.366,0.919,263.0,25.7,0.134,0.251,140.3,792,norm_short
ph-bayambang,Bayambang,Philippines,ph,Pangasinan,15.80932,120.45704,129506.0,,Asia,-5.5,1st,75.5,231.5,238.9,734.9,417,236.7,3.512,0.064,0.379,0.893,156.0,15.9,0.08,0.307,116.4,557,norm_short
ph-santa-cruz,Santa Cruz,Philippines,ph,Laguna,14.28182,121.41489,126844.0,,Asia,0.8,1st,66.5,119.8,120.4,538.9,273,213.2,3.185,0.33,0.581,0.92,294.0,31.1,0.08,0.255,116.4,1173,norm_short
ph-bayawan,City of Bayawan,Philippines,ph,Negros Oriental,9.36615,122.80484,126744.0,,Asia,-0.6,2nd,26.5,96.2,96.2,447.5,238,250.6,3.339,0.211,0.513,0.952,385.0,12.3,0.241,0.13,64.5,280,norm_short
ph-sultan-kudarat,Sultan Kudarat,Philippines,ph,Maguindanao del Norte,7.27109,124.29192,124965.0,,Asia,29.92,1st,0.5,234.7,234.7,704.7,397,240.5,3.558,0.023,0.315,0.875,83.0,6.3,0.038,0.336,60.7,277,norm_short
ph-san-fernando-la-union,City of San Fernando,Philippines,ph,La Union,16.61627,120.3171,124809.0,,Asia,-6.07,3rd,4.5,200.4,205.6,656.6,373,205.9,3.443,0.123,0.416,0.908,nan,24.1,0.083,0.321,120.0,1163,norm_short
ph-dinalupihan,Dinalupihan,Philippines,ph,Bataan,14.8674,120.46103,124188.0,,Asia,5.01,1st,56.5,171.1,191.0,732.7,417,210.5,3.533,0.046,0.255,0.89,nan,25.1,0.145,0.196,143.2,1088,norm_short
ph-candaba,Candaba,Philippines,ph,Pampanga,15.09236,120.82725,124019.0,,Asia,1.18,1st,14.5,153.4,153.4,650.8,338,206.5,3.537,0.041,0.374,0.921,333.0,8.0,0.07,0.302,64.6,339,norm_short
ph-kawit,Kawit,Philippines,ph,Cavite,14.44427,120.90354,123631.0,,Asia,29.16,1st,88.5,104.1,172.7,666.8,368,108.5,3.409,0.153,0.379,0.935,192.0,65.9,0.102,0.235,218.2,3797,
ph-parang,Parang,Philippines,ph,Maguindanao del Norte,7.37558,124.26748,123209.0,,Asia,34.38,1st*,46.5,110.2,110.2,611.3,335,236.2,3.529,0.049,0.354,0.905,192.0,6.4,0.149,0.297,53.6,200,norm_short
ph-san-ildefonso,San Ildefonso,Philippines,ph,Bulacan,15.07812,120.93981,123140.0,,Asia,8.67,1st,0.5,233.2,233.2,713.1,405,231.2,3.563,0.018,0.279,0.911,357.0,13.3,0.105,0.35,82.8,626,norm_short
ph-tabuk,City of Tabuk,Philippines,ph,Kalinga,17.41115,121.44144,122771.0,,Asia,-9.46,5th,27.5,147.2,147.2,710.1,396,194.7,3.396,0.164,0.201,0.907,nan,14.0,0.244,0.31,98.7,350,norm_short
ph-calumpit,Calumpit,Philippines,ph,Bulacan,14.91517,120.76621,122187.0,,Asia,2.72,1st,49.5,268.3,289.8,709.3,410,168.5,3.483,0.09,0.221,0.893,192.0,20.2,0.145,0.238,111.9,1128,norm_short
ph-apalit,Apalit,Philippines,ph,Pampanga,14.94991,120.7588,121057.0,,Asia,1.33,1st,49.5,143.8,169.8,701.8,396,175.6,3.487,0.086,0.266,0.918,238.0,25.4,0.085,0.268,124.8,1033,norm_short
ph-plaridel,Plaridel,Philippines,ph,Bulacan,14.88632,120.8599,120939.0,,Asia,7.35,1st,81.5,148.2,220.4,740.0,420,153.4,3.464,0.106,0.392,0.926,333.0,54.3,0.13,0.222,237.4,2267,
ph-ligao,City of Ligao,Philippines,ph,Albay,13.24028,123.53652,119779.0,,Asia,-5.01,4th,87.5,179.5,184.2,726.5,408,214.2,3.548,0.032,0.323,0.916,385.0,14.2,0.177,0.202,99.6,507,norm_short
ph-island-garden-city-of-samal,Island Garden City of Samal,Philippines,ph,Davao del Norte,7.04686,125.73283,119701.0,,Asia,-0.56,4th,8.5,253.9,253.9,703.3,399,257.0,3.559,0.022,0.288,0.895,278.0,5.0,0.04,0.342,57.5,278,centroid_fallback;norm_short
ph-malita,Malita,Philippines,ph,Davao Occidental,6.41437,125.61091,118438.0,,Asia,-0.33,1st,63.5,98.9,98.9,424.5,243,150.2,3.489,0.085,0.447,0.898,238.0,5.0,0.104,0.306,40.0,169,norm_short
ph-guiguinto,Guiguinto,Philippines,ph,Bulacan,14.8282,120.87861,118173.0,,Asia,4.97,1st,73.5,144.8,218.8,746.4,428,151.7,3.491,0.082,0.383,0.902,238.0,66.6,0.1,0.245,258.7,2602,
ph-manolo-fortich,Manolo Fortich,Philippines,ph,Bukidnon,8.36783,124.86631,118075.0,,Asia,-0.59,1st,9.5,157.1,157.1,618.3,332,197.8,3.386,0.172,0.502,0.863,278.0,9.8,0.098,0.226,77.0,326,norm_short
ph-himamaylan,City of Himamaylan,Philippines,ph,Negros Occidental,10.09928,122.87054,117286.0,,Asia,-0.52,3rd,86.5,184.9,184.9,565.1,322,168.7,3.427,0.138,0.353,0.865,312.0,5.8,0.13,0.24,50.5,211,norm_short
ph-los-banos,Los Baños,Philippines,ph,Laguna,14.17909,121.22179,117030.0,,Asia,-1.0,1st,63.5,147.8,152.0,625.9,358,171.5,3.484,0.088,0.443,0.905,238.0,31.4,0.097,0.236,139.0,1227,norm_short
ph-glan,Glan,Philippines,ph,Sarangani,5.8227,125.2049,117017.0,,Asia,5.84,1st,0.5,42.4,42.4,490.2,216,34.3,3.281,0.256,0.762,0.922,116.0,10.8,0.253,0.249,67.2,248,norm_short
ph-tacurong,City of Tacurong,Philippines,ph,Sultan Kudarat,6.68844,124.67866,116945.0,,Asia,8.97,4th,67.5,44.0,50.5,447.3,156,213.3,2.404,0.786,0.907,0.965,128.0,41.7,0.178,0.246,215.9,1032,
ph-subic,Subic,Philippines,ph,Zambales,14.87748,120.23447,116788.0,,Asia,2.97,1st,0.5,187.0,192.0,703.3,391,185.2,3.543,0.037,0.276,0.925,357.0,26.5,0.144,0.273,114.4,1188,norm_short
ph-lamitan,City of Lamitan,Philippines,ph,Basilan,6.65756,122.14497,116652.0,,Asia,31.62,6th,0.5,168.3,168.3,612.5,344,128.4,3.497,0.077,0.268,0.911,nan,6.8,0.082,0.283,59.3,190,norm_short
ph-tayabas,City of Tayabas,Philippines,ph,Quezon,14.02635,121.59184,115318.0,,Asia,-1.47,6th,37.5,85.4,85.4,540.3,262,238.4,3.359,0.194,0.547,0.942,278.0,24.5,0.224,0.206,96.7,699,norm_short
ph-iriga,City of Iriga,Philippines,ph,Camarines Sur,13.42226,123.41294,115306.0,,Asia,-3.67,4th,37.5,234.3,234.3,733.8,414,253.6,3.501,0.073,0.32,0.921,217.0,16.2,0.149,0.282,111.5,545,norm_short
ph-san-juan-batangas,San Juan,Philippines,ph,Batangas,13.82599,121.39642,115118.0,,Asia,-4.56,1st,86.5,123.8,128.3,650.1,323,124.2,3.105,0.388,0.689,0.914,357.0,16.8,0.131,0.282,112.5,713,norm_short
ph-baybay,City of Baybay,Philippines,ph,Leyte,10.6778,124.79775,114708.0,,Asia,1.41,1st (as Mun),59.5,105.0,105.0,464.4,272,206.0,3.511,0.065,0.454,0.925,227.0,8.2,0.233,0.309,54.2,276,norm_short
ph-quezon-bukidnon,Quezon,Philippines,ph,Bukidnon,7.72958,125.10183,114521.0,,Asia,-1.06,1st,1.5,313.1,313.1,743.0,437,311.1,3.551,0.029,0.162,0.919,208.0,8.7,0.124,0.248,78.0,329,norm_short
ph-mangaldan,Mangaldan,Philippines,ph,Pangasinan,16.07028,120.40378,113302.0,,Asia,-5.02,1st,60.5,130.1,146.8,653.8,338,301.5,3.303,0.239,0.598,0.887,100.0,20.3,0.12,0.31,134.0,846,norm_short
ph-libmanan,Libmanan,Philippines,ph,Camarines Sur,13.69604,123.06121,113254.0,,Asia,-7.38,1st,37.5,177.8,177.8,676.1,387,215.5,3.48,0.092,0.187,0.941,238.0,3.8,0.271,0.304,46.0,166,norm_short
ph-rosario-cavite,Rosario,Philippines,ph,Cavite,14.41672,120.85526,112572.0,,Asia,-3.67,1st,72.5,107.9,166.0,530.6,303,146.9,3.435,0.13,0.378,0.885,278.0,41.6,0.13,0.223,154.5,2606,norm_short
ph-carmona,City of Carmona,Philippines,ph,Cavite,14.31346,121.05743,112140.0,,Asia,5.13,1st (as Mun),63.5,110.7,253.2,752.6,434,135.1,3.503,0.072,0.269,0.928,333.0,101.2,0.121,0.158,352.5,5488,
ph-laoag,City of Laoag,Philippines,ph,Ilocos Norte,18.19732,120.59354,112117.0,,Asia,-2.3,3rd,25.5,79.0,105.4,671.9,343,213.5,3.282,0.256,0.655,0.919,147.0,38.4,0.374,0.175,200.1,1067,
ph-pulilan,Pulilan,Philippines,ph,Bulacan,14.90227,120.84879,111384.0,,Asia,-0.47,1st,80.5,136.4,189.3,705.3,389,147.7,3.474,0.097,0.411,0.925,385.0,48.6,0.155,0.227,202.1,2155,
ph-cauayan-negros-occidental,Cauayan,Philippines,ph,Negros Occidental,9.97336,122.62602,110899.0,,Asia,0.17,1st,89.5,48.1,48.1,237.3,124,50.9,3.331,0.217,0.649,0.946,nan,1.2,0.161,0.392,17.5,64,sparse_osm;norm_short
ph-bayugan,City of Bayugan,Philippines,ph,Agusan del Sur,8.71456,125.74819,110313.0,,Asia,-6.37,5th,89.5,121.5,121.5,679.8,362,98.7,3.432,0.133,0.464,0.957,nan,21.5,0.193,0.223,119.2,573,norm_short
ph-balanga,City of Balanga,Philippines,ph,Bataan,14.67957,120.54097,109931.0,,Asia,6.76,4th,83.5,123.9,151.9,708.5,394,160.9,3.45,0.118,0.376,0.916,nan,59.6,0.111,0.243,213.9,2085,
ph-maramag,Maramag,Philippines,ph,Bukidnon,7.76107,125.00516,109864.0,,Asia,-8.89,1st,77.5,117.0,117.0,705.1,394,232.6,3.46,0.109,0.376,0.904,104.0,16.0,0.201,0.221,119.4,427,norm_short
ph-talisay-negros-occidental,City of Talisay,Philippines,ph,Negros Occidental,10.73726,122.96733,109204.0,,Asia,-3.13,4th,19.5,60.2,87.1,514.0,264,100.8,3.132,0.369,0.662,0.903,nan,63.6,0.14,0.093,206.6,1753,
ph-naujan,Naujan,Philippines,ph,Oriental Mindoro,13.32424,121.30307,109122.0,,Asia,-5.42,1st,29.5,146.3,146.3,519.9,297,281.6,3.43,0.135,0.408,0.941,278.0,5.0,0.206,0.212,40.2,134,norm_short
ph-lingayen,Lingayen,Philippines,ph,Pangasinan,16.02064,120.23071,108510.0,,Asia,-2.63,1st,77.5,107.4,112.1,616.6,296,201.4,3.046,0.43,0.738,0.927,nan,16.6,0.196,0.266,120.0,624,norm_short
ph-malungon,Malungon,Philippines,ph,Sarangani,6.37797,125.27267,108429.0,,Asia,-1.96,1st,44.5,279.2,279.2,750.2,441,171.1,3.526,0.052,0.214,0.863,385.0,3.8,0.031,0.36,45.0,203,norm_short
ph-labo,Labo,Philippines,ph,Camarines Norte,14.15435,122.82852,108319.0,,Asia,-12.64,1st,17.5,121.1,121.1,624.7,341,256.0,3.506,0.069,0.39,0.911,nan,10.6,0.17,0.29,71.1,313,norm_short
ph-san-rafael,San Rafael,Philippines,ph,Bulacan,14.95812,120.96365,108256.0,,Asia,6.32,1st,23.5,278.3,288.2,746.5,435,262.2,3.569,0.013,0.232,0.877,172.0,13.8,0.064,0.308,98.2,627,norm_short
ph-talipao,Talipao,Philippines,ph,Sulu,5.97507,121.11447,107901.0,,Asia,16.6,1st,46.5,289.6,289.6,668.5,416,225.1,3.495,0.079,0.146,0.912,217.0,0.5,0.077,0.316,19.0,22,sparse_osm;norm_short
ph-catbalogan,City of Catbalogan,Philippines,ph,Samar,11.77534,124.88311,107896.0,,Asia,-7.83,5th,76.5,89.5,89.5,528.8,282,174.9,3.502,0.073,0.416,0.898,nan,9.0,0.2,0.237,52.8,310,norm_short
ph-tiaong,Tiaong,Philippines,ph,Quezon,13.95967,121.3223,107666.0,,Asia,-3.89,1st,21.5,143.4,139.9,676.3,369,194.8,3.553,0.028,0.418,0.918,156.0,15.4,0.14,0.271,97.7,758,norm_short
ph-bulan,Bulan,Philippines,ph,Sorsogon,12.66891,123.87696,106919.0,,Asia,-4.58,1st,88.5,96.6,96.6,590.3,310,111.5,3.478,0.094,0.421,0.926,nan,9.7,0.296,0.229,55.1,258,norm_short
ph-guihulngan,City of Guihulngan,Philippines,ph,Negros Oriental,10.1196,123.27387,106576.0,,Asia,1.43,5th,11.5,149.5,149.5,395.6,231,217.3,3.537,0.041,0.287,0.89,385.0,2.5,0.226,0.262,29.8,93,sparse_osm;norm_short
ph-daet,Daet,Philippines,ph,Camarines Norte,14.11233,122.9557,106465.0,,Asia,-19.94,1st,87.5,141.5,158.5,717.2,394,157.3,3.549,0.031,0.299,0.911,263.0,35.4,0.173,0.18,160.7,962,norm_short
ph-paniqui,Paniqui,Philippines,ph,Tarlac,15.66865,120.58582,106190.0,,Asia,5.33,1st,69.5,119.5,128.7,668.8,342,204.3,3.285,0.253,0.632,0.889,227.0,30.8,0.093,0.36,147.1,1254,norm_short
ph-tagbilaran,City of Tagbilaran,Philippines,ph,Bohol,9.64026,123.85598,106120.0,,Asia,-1.88,3rd,89.5,213.7,235.8,743.1,428,208.1,3.565,0.016,0.263,0.923,333.0,25.9,0.131,0.274,140.9,1083,norm_short
ph-indanan,Indanan,Philippines,ph,Sulu,5.97289,120.97023,105384.0,,Asia,26.02,3rd,1.5,23.3,23.3,587.4,402,134.0,3.436,0.129,0.299,0.917,nan,0.2,0.0,0.167,13.2,13,sparse_osm;norm_short
ph-t'boli,T'Boli,Philippines,ph,South Cotabato,6.21383,124.82293,105296.0,,Asia,-0.72,1st,76.5,139.6,139.6,608.5,319,199.2,3.489,0.085,0.353,0.859,200.0,8.7,0.083,0.329,61.5,348,norm_short
ph-santa-cruz-davao-del-sur,Santa Cruz,Philippines,ph,Davao del Sur,6.83361,125.41524,104793.0,,Asia,-1.88,1st,42.5,156.4,156.4,457.7,268,147.8,3.524,0.053,0.114,0.95,250.0,9.8,0.163,0.277,52.9,362,norm_short
ph-sindangan,Sindangan,Philippines,ph,Zamboanga del Norte,8.23736,122.99861,104514.0,,Asia,-6.93,1st,6.5,135.6,135.6,544.3,302,148.2,3.538,0.041,0.377,0.9,60.0,9.3,0.112,0.291,67.9,306,norm_short
ph-masbate,City of Masbate,Philippines,ph,Masbate,12.37109,123.62392,104011.0,,Asia,-12.41,4th,44.5,122.0,122.0,454.9,248,212.9,3.55,0.03,0.349,0.864,385.0,11.1,0.104,0.27,59.0,322,norm_short
ph-pili,Pili,Philippines,ph,Camarines Sur,13.55621,123.27408,101668.0,,Asia,-3.85,1st,60.5,148.0,148.0,703.0,386,328.9,3.505,0.07,0.324,0.895,263.0,9.2,0.131,0.264,69.3,353,norm_short
ph-isulan,Isulan,Philippines,ph,Sultan Kudarat,6.63409,124.59714,101455.0,,Asia,0.48,1st,81.5,104.1,100.3,710.8,388,157.9,3.356,0.197,0.437,0.947,68.0,24.2,0.226,0.22,144.5,583,norm_short
ph-calasiao,Calasiao,Philippines,ph,Pangasinan,16.00895,120.35719,100686.0,,Asia,-5.15,1st,64.5,194.2,195.6,709.7,389,244.6,3.37,0.185,0.491,0.901,385.0,21.1,0.081,0.355,119.7,1147,norm_short
ph-alaminos,City of Alaminos,Philippines,ph,Pangasinan,16.15539,119.97922,100430.0,,Asia,-3.07,4th,31.5,158.0,158.0,694.2,377,302.7,3.521,0.056,0.434,0.911,192.0,16.0,0.107,0.351,99.3,689,norm_short
ph-siasi,Siasi,Philippines,ph,Sulu,5.54517,120.81511,100076.0,,Asia,47.88,2nd,1.5,193.8,193.8,423.1,276,204.8,3.435,0.131,0.145,0.951,nan,1.0,0.125,0.415,16.3,44,sparse_osm;norm_short
ph-oton,Oton,Philippines,ph,Iloilo,10.69305,122.47827,99920.0,,Asia,0.54,1st,88.5,189.4,189.4,613.7,353,184.8,3.492,0.082,0.216,0.897,217.0,20.4,0.11,0.271,85.6,726,norm_short
ph-bislig,City of Bislig,Philippines,ph,Surigao del Sur,8.21308,126.31562,99872.0,,Asia,-5.6,3rd,58.5,127.8,127.8,357.1,212,135.8,3.526,0.051,0.356,0.929,333.0,4.5,0.195,0.247,27.4,138,sparse_osm;norm_short
ph-cavite,City of Cavite,Philippines,ph,Cavite,14.48209,120.90892,98673.0,,Asia,-6.62,4th,86.5,91.0,91.0,513.2,291,97.4,3.456,0.112,0.36,0.967,nan,25.2,0.271,0.171,87.8,950,norm_short
ph-m'lang,M'Lang,Philippines,ph,Cotabato,6.94662,124.87887,98646.0,,Asia,-5.37,1st,0.5,54.8,54.8,568.4,234,38.5,2.823,0.572,0.795,0.946,250.0,14.6,0.31,0.213,120.0,363,norm_short
ph-balamban,Balamban,Philippines,ph,Cebu,10.50483,123.71313,98170.0,,Asia,-0.18,1st,88.5,178.1,178.1,530.2,305,177.2,3.563,0.019,0.261,0.904,238.0,12.8,0.085,0.297,65.2,498,norm_short
ph-gerona,Gerona,Philippines,ph,Tarlac,15.60693,120.59857,97937.0,,Asia,6.92,1st,89.5,214.9,241.0,730.9,413,215.4,3.484,0.089,0.288,0.903,179.0,26.0,0.094,0.377,126.1,1031,norm_short
ph-catarman,Catarman,Philippines,ph,Northern Samar,12.49965,124.63648,97738.0,,Asia,-5.58,1st,23.5,83.1,83.1,534.0,269,123.0,3.335,0.214,0.441,0.945,nan,15.2,0.253,0.222,67.7,452,norm_short
ph-escalante,City of Escalante,Philippines,ph,Negros Occidental,10.84126,123.49931,97050.0,,Asia,-2.73,4th,55.5,218.0,218.0,726.2,409,322.9,3.54,0.039,0.298,0.887,278.0,11.6,0.159,0.266,87.2,375,norm_short
ph-balayan,Balayan,Philippines,ph,Batangas,13.93818,120.72949,96939.0,,Asia,-1.82,1st,84.5,110.1,110.1,560.5,294,130.9,3.258,0.275,0.61,0.896,250.0,23.2,0.09,0.237,107.0,661,norm_short
ph-monkayo,Monkayo,Philippines,ph,Davao de Oro,7.82395,126.05369,96405.0,,Asia,-1.67,1st,88.5,185.6,185.6,636.8,345,182.1,3.56,0.022,0.254,0.882,nan,14.8,0.162,0.195,77.8,426,norm_short
ph-ipil,Ipil,Philippines,ph,Zamboanga Sibugay,7.78219,122.58674,96363.0,,Asia,9.2,1st,86.5,112.9,112.9,712.6,395,176.1,3.459,0.11,0.374,0.909,nan,15.5,0.204,0.248,103.9,413,norm_short
ph-lopez,Lopez,Philippines,ph,Quezon,13.88251,122.26111,96006.0,,Asia,-2.69,1st,65.5,81.7,81.7,588.2,303,167.6,3.5,0.074,0.4,0.895,nan,10.3,0.326,0.223,56.1,253,norm_short
ph-daanbantayan,Daanbantayan,Philippines,ph,Cebu,11.25035,123.99913,95080.0,,Asia,-1.95,1st,8.5,138.5,138.5,483.8,290,172.0,3.52,0.057,0.373,0.923,312.0,6.1,0.105,0.326,43.7,258,norm_short
ph-lemery,Lemery,Philippines,ph,Batangas,13.88344,120.91382,94736.0,,Asia,-0.64,1st,74.5,130.3,144.9,610.8,321,203.2,3.348,0.203,0.482,0.898,357.0,26.7,0.181,0.227,139.1,928,norm_short
ph-bauan,Bauan,Philippines,ph,Batangas,13.78992,121.00778,94016.0,,Asia,4.77,1st,83.5,102.5,120.5,625.5,325,119.5,3.209,0.312,0.629,0.899,385.0,50.3,0.115,0.178,180.6,1609,norm_short
ph-lebak,Lebak,Philippines,ph,Sultan Kudarat,6.63367,124.0657,93312.0,,Asia,-2.23,1st,89.5,60.1,60.1,515.0,253,48.6,3.197,0.321,0.637,0.918,nan,7.2,0.193,0.312,61.5,194,norm_short
ph-kalibo,Kalibo,Philippines,ph,Aklan,11.7089,122.36402,93218.0,,Asia,6.23,1st,49.5,179.9,202.4,729.9,413,236.4,3.495,0.079,0.368,0.909,385.0,39.5,0.111,0.326,176.4,1488,norm_short
ph-patikul,Patikul,Philippines,ph,Sulu,6.08895,121.1055,92600.0,,Asia,34.46,3rd,3.5,112.8,112.8,241.3,153,122.2,3.403,0.158,0.337,0.839,nan,0.6,0.0,0.238,12.6,19,sparse_osm;norm_short
ph-santa-barbara,Santa Barbara,Philippines,ph,Pangasinan,15.99992,120.40513,92420.0,,Asia,-5.68,1st,69.5,186.7,186.7,707.0,398,272.3,3.453,0.115,0.353,0.883,nan,10.6,0.124,0.318,78.2,630,norm_short
ph-calaca,City of Calaca,Philippines,ph,Batangas,13.93385,120.81403,92281.0,,Asia,6.93,1st (as Mun),89.5,148.7,148.7,655.2,356,153.3,3.267,0.268,0.447,0.886,278.0,10.5,0.137,0.312,85.3,366,norm_short
ph-banga,Banga,Philippines,ph,South Cotabato,6.42323,124.77616,91536.0,,Asia,0.55,1st,30.5,37.3,38.0,406.8,147,340.5,2.528,0.73,0.861,0.953,116.0,11.4,0.301,0.241,101.7,439,norm_short
ph-surallah,Surallah,Philippines,ph,South Cotabato,6.37547,124.74759,91412.0,,Asia,-1.84,1st,30.5,49.7,49.6,540.3,230,266.8,2.908,0.52,0.773,0.96,135.0,22.5,0.243,0.173,143.1,560,norm_short
ph-sablayan,Sablayan,Philippines,ph,Occidental Mindoro,12.84704,120.77992,91406.0,,Asia,-12.29,1st,57.5,170.1,170.1,504.7,297,246.7,3.542,0.037,0.215,0.909,357.0,8.0,0.204,0.218,54.1,209,norm_short
ph-camiling,Camiling,Philippines,ph,Tarlac,15.68646,120.41466,91400.0,,Asia,9.17,1st,87.5,141.2,144.3,663.8,368,168.8,3.445,0.123,0.442,0.924,128.0,14.0,0.142,0.336,100.5,602,norm_short
ph-echague,Echague,Philippines,ph,Isabela,16.70536,121.67495,91320.0,,Asia,1.66,1st,61.5,169.2,167.5,719.3,407,226.4,3.524,0.054,0.233,0.894,111.0,17.0,0.186,0.254,108.5,524,norm_short
ph-pantukan,Pantukan,Philippines,ph,Davao de Oro,7.12682,125.89714,91312.0,,Asia,-9.05,1st,1.5,118.6,118.6,563.4,303,119.2,3.435,0.131,0.529,0.948,200.0,10.7,0.131,0.31,71.1,319,norm_short
ph-baras,Baras,Philippines,ph,Rizal,14.52185,121.26581,91099.0,,Asia,1.46,4th,19.5,203.7,203.7,698.6,395,254.6,3.571,0.011,0.236,0.92,312.0,13.9,0.106,0.329,83.5,791,norm_short
ph-baggao,Baggao,Philippines,ph,Cagayan,17.93415,121.77169,90723.0,,Asia,5.0,1st,1.5,227.2,227.2,627.7,358,243.5,3.539,0.04,0.318,0.852,192.0,1.5,0.081,0.327,36.8,77,sparse_osm;norm_short
ph-pinamalayan,Pinamalayan,Philippines,ph,Oriental Mindoro,13.03867,121.48016,90420.0,,Asia,-4.7,1st,24.5,71.8,71.8,574.7,305,183.1,3.412,0.15,0.504,0.908,263.0,18.0,0.189,0.261,88.1,434,norm_short
ph-hinigaran,Hinigaran,Philippines,ph,Negros Occidental,10.27138,122.85199,90403.0,,Asia,3.81,1st,84.5,100.7,100.7,505.0,267,117.7,3.319,0.226,0.412,0.879,357.0,13.8,0.186,0.192,75.2,344,norm_short
ph-passi,City of Passi,Philippines,ph,Iloilo,11.11735,122.64687,90313.0,,Asia,-1.13,4th,19.5,272.8,278.2,734.1,422,247.9,3.563,0.018,0.247,0.911,385.0,11.2,0.117,0.326,88.0,461,norm_short
ph-victorias,City of Victorias,Philippines,ph,Negros Occidental,10.90134,123.07149,90290.0,,Asia,0.33,4th,34.5,176.9,189.5,709.6,395,183.5,3.498,0.077,0.279,0.905,278.0,27.6,0.152,0.199,123.2,782,norm_short
ph-bogo,City of Bogo,Philippines,ph,Cebu,11.05127,124.00351,90187.0,,Asia,-3.68,6th,35.5,230.9,230.9,686.9,392,203.4,3.55,0.03,0.227,0.911,312.0,14.0,0.137,0.364,84.3,535,norm_short
ph-prosperidad,Prosperidad,Philippines,ph,Agusan del Sur,8.6024,125.91163,90162.0,,Asia,-2.44,1st,73.5,65.2,65.2,540.3,283,175.3,3.452,0.116,0.449,0.898,nan,6.8,0.205,0.071,48.9,152,norm_short
ph-murcia,Murcia,Philippines,ph,Negros Occidental,10.60665,123.04047,90123.0,,Asia,-3.02,1st,14.5,136.4,137.3,675.5,363,254.8,3.372,0.183,0.529,0.909,nan,13.3,0.168,0.205,92.4,556,norm_short
ph-alabel,Alabel,Philippines,ph,Sarangani,6.10278,125.29203,90120.0,,Asia,-4.45,1st,89.5,94.7,96.5,622.6,312,94.3,3.305,0.238,0.628,0.921,385.0,30.8,0.127,0.27,143.0,734,norm_short
ph-solana,Solana,Philippines,ph,Cagayan,17.65094,121.69092,89840.0,,Asia,-0.05,1st,83.5,215.6,215.6,654.5,373,195.2,3.341,0.209,0.29,0.897,312.0,7.2,0.166,0.33,54.3,553,norm_short
ph-calauan,Calauan,Philippines,ph,Laguna,14.1454,121.31499,89670.0,,Asia,-0.47,2nd,73.5,235.4,235.4,682.0,391,251.9,3.491,0.082,0.143,0.903,nan,8.2,0.059,0.343,53.7,585,norm_short
ph-cabiao,Cabiao,Philippines,ph,Nueva Ecija,15.25127,120.85679,89497.0,,Asia,3.0,1st,14.5,167.9,167.9,715.7,397,235.7,3.516,0.06,0.338,0.891,333.0,17.2,0.111,0.266,118.3,532,norm_short
ph-polangui,Polangui,Philippines,ph,Albay,13.29377,123.48439,89344.0,,Asia,-7.61,1st,13.5,126.5,126.5,663.3,356,159.2,3.484,0.088,0.316,0.876,357.0,10.7,0.209,0.17,62.2,332,norm_short
ph-vigan,City of Vigan,Philippines,ph,Ilocos Sur,17.57555,120.38726,54498.0,,Asia,0.31,4th,15.5,145.4,174.6,706.3,384,213.1,3.362,0.191,0.519,0.896,nan,36.6,0.143,0.237,188.9,1181,norm_short
